txid,time,address_in_amount,address_out_amount,time_diff,fee,in_degree,out_degree,degree_ratio,all_degree,total_in,max_in,min_in,median_in,mean_in,var_in,total_out,max_out,min_out,median_out,mean_out,var_out
92c31b2af7d966c1bf9e6887c8de0182d64c65003130b52bae06622d587b3fa9,2020-10-21 18:06:40,0.01566024,0,,0.0004165999999999892,15,5,0.3333333333333333,20,0.40842572,0.08094006,0.002007,0.01921344,0.027228381333333333,0.0006228579858817049,0.40800912,0.08508107,0.06768484,0.08508107,0.081601824,4.842061091406399e-05
b33d6d468f741734627f6d4d023781d68379884283d8c56e0578863e1a031588,2020-11-01 03:57:57,0,0.1457711,899477.0,0.0011182600000000098,2,2,1.0,4,0.1645441,0.11944299,0.04510111,0.08227205,0.08227205,0.0013816787804836,0.16342584,0.1457711,0.01765474,0.08171292,0.08171292,0.004103450424912399
570ea23500c585cdb14c9b09e40c5e319df45d19fb07723c18c1a816c782896e,2020-11-01 10:22:43,0.1457711,0,23086.0,0.0008117800000000397,18,2,0.1111111111111111,20,0.22862615000000003,0.1457711,1.963e-05,0.00059325,0.012701452777777778,0.001232654974397342,0.22781437,0.14460809,0.08320628,0.113907185,0.113907185,0.000942545567819025
f767af6da77722b64449e268f0ca9523774e470680c67c70be0a931aff72b122,2020-11-07 10:19:38,0,0.0319299,518215.0,4.830000000000806e-05,6,2,0.3333333333333333,8,0.032014100000000004,0.03119973,9.101e-05,0.00014731,0.005335683333333334,0.0001337960801918889,0.031965799999999996,0.0319299,3.59e-05,0.015982899999999998,0.015982899999999998,0.00025430680899999995
aa556de640433e2c362728961348f6a052d68db87c33e2417b2524ffb8a193b5,2020-11-07 11:16:22,0.0319299,0,3404.0,0.00010361999999999871,2,2,1.0,4,0.07341626,0.04148636,0.0319299,0.03670813,0.03670813,2.2831481932900012e-05,0.07331264,0.05132523,0.02198741,0.03665632,0.03665632,0.0002151769205881
53872a739f83a96c4cbf19a6b9629aa17ee6ade6f9bcd626cc53b3ee4bfbe421,2020-11-10 18:39:06,0,0.07657141,285764.0,2.4860000000015425e-05,1,2,2.0,3,0.25824,0.25824,0.25824,0.25824,0.25824,0.0,0.25821514,0.18164373,0.07657141,0.12910757,0.12910757,0.0027600481075456
af63f45876d3eefdd0a76fdbb637ec8816f7ed45c3183ee287ae9aeb5b55d139,2020-11-10 20:00:15,0.07657141,0,4869.0,0.00017066000000000303,6,3,0.5,9,0.1121743,0.07657141,0.00158296,0.007429150000000001,0.018695716666666667,0.0006907484535401223,0.11200364,0.05244442,0.0071148,0.05244442,0.03733454666666667,0.0004566165442987555
330151122e358527f76b673fafb99934ca29ace295ff5b75bcab0dd03b06399d,2020-11-28 13:14:06,0,0.18253715,1530831.0,2.0109999999989858e-05,4,1,0.25,5,0.18255726,0.07672487,9.027e-05,0.05287106,0.045639315,0.0009785088080744749,0.18253715,0.18253715,0.18253715,0.18253715,0.18253715,0.0
f15e595fbabe6988f781e2a3a22c59b3989a63bb10ca410f2bec1e822962afe6,2020-11-28 14:00:23,0.18253715,0,2777.0,0.00018632000000001758,8,3,0.375,11,0.25671939000000005,0.18253715,0.00674534,0.008852829999999999,0.032089923750000006,0.003255165805594099,0.25653307000000003,0.08841209,0.07970889,0.08841209,0.08551102333333334,1.683237560888887e-05
f0f194283163ac7897bec25c04d356819308a914c06985a6542d7193429fcc0f,2020-12-05 04:34:12,0,0.00420637,570829.0,4.9719999999996156e-05,1,2,2.0,3,0.04662743,0.04662743,0.04662743,0.04662743,0.04662743,0.0,0.04657771,0.04237134,0.00420637,0.023288855,0.023288855,0.000364141233775225
9aad9740607d16d7ea9f7e1aa37fe8851fa98a469b8b56a43dacca2c64940869,2020-12-05 07:31:35,0.00420637,0,10643.0,0.00014267999999999226,9,2,0.2222222222222222,11,0.09454146,0.0260354,0.00079029,0.00955462,0.010504606666666666,7.622377505368889e-05,0.09439878,0.07961825,0.01478053,0.04719939,0.04719939,0.0010509824836996001
07b3f42532a7df65b602533dcb4ba8764588e33cdf4426f5befdb56e1c1fd486,2021-01-28 12:15:04,0,0.02339231,4682609.0,2.0110000000003736e-05,4,2,0.5,6,0.02352486,0.00884709,0.00285448,0.005911645,0.005881215,4.8475239445250005e-06,0.023504749999999998,0.02339231,0.00011244,0.011752374999999999,0.011752374999999999,0.000135488086804225
27b564da8a9f5fab8cfe9713d23c44d9fd2379f3c2f10e2ce5973b04b393b484,2021-01-28 15:55:35,0.02339231,0,13231.0,0.0002975199999999678,13,7,0.5384615384615384,20,0.15124056999999996,0.10003576,1.006e-05,1.087e-05,0.01163389,0.0007331790461511231,0.15094305,0.02514257,8.763e-05,0.02514257,0.021563292857142858,7.686734919227753e-05
08de478ca81a4c6253fe9fb70581793a181244034191c21f3f1b55e56faf18c9,2021-02-20 23:07:15,0,0.00354351,2013100.0,0.0002531200000000008,1,2,2.0,3,0.00969387,0.00969387,0.00969387,0.00969387,0.00969387,0.0,0.00944075,0.00589724,0.00354351,0.004720375,0.004720375,1.3850112282249994e-06
9c7e1aa34bc2bc2f7463a3ea4bcb2396bd600b624b489a761147c8b1b46a8d55,2021-02-22 21:01:31,0.00354351,0,165256.0,0.00019303999999999502,9,3,0.3333333333333333,12,0.028838829999999996,0.00358272,0.002816,0.0031217,0.0032043144444444446,9.886516991358029e-08,0.02864579,0.01216354,0.00431871,0.01216354,0.009548596666666668,1.367585727308889e-05
f882e4e4ebb813c8829a599a21f2c941e66c51a2ca0480409ef25e97e22ef2d7,2021-02-23 21:31:25,0,0.01715429,88194.0,0.00030735999999999264,1,2,2.0,3,0.12426232,0.12426232,0.12426232,0.12426232,0.12426232,0.0,0.12395496,0.10680067,0.01715429,0.06197748,0.06197748,0.0020091183617761
e2306ebb5c47a349343e3c1327945f9e07209a0f559728e8884e7d845e5f461c,2021-03-01 01:18:55,0.01715429,0,445650.0,0.0001339499999999938,8,7,0.875,15,0.12771951999999998,0.01716215,0.01416335,0.016179535000000002,0.01596494,1.1756340993500003e-06,0.12758556999999998,0.02111843,0.00087499,0.02111843,0.018226509999999998,5.017920771840001e-05
57eff2287bfb71c6f047f562e6b466a5b6b3609ac80d22fd824b8256e56c29e2,2021-03-20 12:21:09,0,0.01553095,1681334.0,4.745999999999917e-05,1,2,2.0,3,0.10349012,0.10349012,0.10349012,0.10349012,0.10349012,0.0,0.10344266,0.08791171,0.01553095,0.05172133,0.05172133,0.0013097436045444001
47b25e6fe74b9fc99dfbc1137b7bb87b2b334525856c5830ac12f3456f64ac4e,2021-04-20 19:02:37,0.01553095,0,2702488.0,0.0007523400000000006,2,1,0.5,3,0.01589275,0.01553095,0.0003618,0.007946375,0.007946375,5.7525777930625004e-05,0.01514041,0.01514041,0.01514041,0.01514041,0.01514041,0.0
26698d4725650d4159a2808d15fb65fc6a2c939fe5c784349a44cb1ca36feefc,2021-04-24 13:32:21,0,0.00535545,325784.0,0.00014012000000000746,1,2,2.0,3,0.04356899,0.04356899,0.04356899,0.04356899,0.04356899,0.0,0.043428869999999994,0.03807342,0.00535545,0.021714434999999997,0.021714434999999997,0.0002676163902302249
9ce13dffa2fa855575dbcb649b5b0b2b8acc970024e00c2b7b098c47d691e15f,2021-04-24 20:04:00,0.00535545,0,23499.0,0.0004609000000000002,2,1,0.5,3,0.00556432,0.00535545,0.00020887,0.00278216,0.00278216,6.621821424100001e-06,0.00510342,0.00510342,0.00510342,0.00510342,0.00510342,0.0
a5a68dbe8cc066398314eca3ad9c8f004f0cd3466163241befa22d3ff9be31d6,2021-05-11 11:05:26,0,0.04656023,1436486.0,6.779999999997899e-06,1,2,2.0,3,0.07730055,0.07730055,0.07730055,0.07730055,0.07730055,0.0,0.07729377,0.04656023,0.03073354,0.038646885,0.038646885,6.262102908902501e-05
7078dd26fd8c6eaab25815dea094d832cd517c1dca9f0273c6e16ffa866b3b85,2021-05-13 22:39:21,0.04656023,0,214435.0,0.00015889999999999654,1,2,2.0,3,0.04656023,0.04656023,0.04656023,0.04656023,0.04656023,0.0,0.046401330000000005,0.03464893,0.0117524,0.023200665000000002,0.023200665000000002,0.000131062771510225
7aee7d00260194f47a4771ebdbbed2099234233c4443f2dec7b8f81c62d201ac,2021-05-30 07:57:33,0,0.02881191,1415892.0,9.040000000015702e-06,1,2,2.0,3,0.25056093,0.25056093,0.25056093,0.25056093,0.25056093,0.0,0.25055189,0.22173998,0.02881191,0.125275945,0.125275945,0.009305310048481225
44b54b149a7c3894ecc93e2d019ee479a005cbb22b7e30297ae1977e3e7e5f52,2021-05-30 18:33:30,0.02881191,0,38157.0,0.0001589,1,2,2.0,3,0.02881191,0.02881191,0.02881191,0.02881191,0.02881191,0.0,0.02865301,0.02760271,0.0010503,0.014326505,0.014326505,0.00017625761920202497
5f3a88f7c222de92d0662bfd073860d7f170beeda5f27c73fb80d4382d7b2290,2021-06-03 08:21:17,0,0.01870725,308867.0,0.0001863399999999793,1,2,2.0,3,0.12604838,0.12604838,0.12604838,0.12604838,0.12604838,0.0,0.12586204,0.10715479,0.01870725,0.06293102,0.06293102,0.0019557418330129
ca8a0e9fe587f8755c030df1b6d20c4d8ed53e7cc0402683ba39c5bcf6723c68,2021-06-03 19:03:04,0.01870725,0,38507.0,0.0001589,1,2,2.0,3,0.01870725,0.01870725,0.01870725,0.01870725,0.01870725,0.0,0.01854835,0.0177,0.00084835,0.009274175,0.009274175,7.0994526930625e-05
c0fe6ef65ee00588ad8f00678c79e8683cd1028a6394d0264a0a85f16d9dba17,2021-06-06 06:30:18,0,0.00275533,214034.0,8.644000000000013e-05,1,2,2.0,3,0.00921581,0.00921581,0.00921581,0.00921581,0.00921581,0.0,0.00912937,0.00637404,0.00275533,0.004564685,0.004564685,3.2737655160250003e-06
98f169476dc0ef109d99388b54e16d488160eb7990d297503736c0d4eb685f28,2021-06-07 14:48:45,0.00275533,0,116307.0,0.0002546900000000001,2,1,0.5,3,0.00345424,0.00275533,0.00069891,0.00172712,0.00172712,1.0572158040999998e-06,0.00319955,0.00319955,0.00319955,0.00319955,0.00319955,0.0
ad696d1313fd268ac983f8b210f5ce995d3dbbf28f00c9380112f93484b72411,2022-12-07 05:17:39,0,0.00795555,47312934.0,1.9709999999999173e-05,1,2,2.0,3,0.03799992,0.03799992,0.03799992,0.03799992,0.03799992,0.0,0.03798021,0.03002466,0.00795555,0.018990105,0.018990105,0.000121761404048025
bb10f9ecb553c2a6be43a676c5fd2d278634365e8cbb59ceff4c977c29925e09,2022-12-07 08:51:09,0.00795555,0,12810.0,0.0001816000000000005,1,2,2.0,3,0.00795555,0.00795555,0.00795555,0.00795555,0.00795555,0.0,0.00777395,0.00725,0.00052395,0.003886975,0.003886975,1.1309937150625002e-05
caf169f8099a8b18b49ce797e0e2b03e1d99378b9a037f1935ee691d27302227,2022-12-13 08:35:50,0,0.052317,517481.0,4.230000000007839e-06,1,2,2.0,3,0.08471267,0.08471267,0.08471267,0.08471267,0.08471267,0.0,0.08470844,0.052317,0.03239144,0.04235422,0.04235422,9.925698532840002e-05
bf5eba7405cf21f2b72f50de34b66c5b8c8e2aea5b9b5679d5d6cc4bff45f56a,2022-12-15 07:36:35,0,0.04976662,169245.0,6.270000000009601e-06,2,2,1.0,4,0.05099145000000001,0.03994,0.01105145,0.025495725000000004,0.025495725000000004,0.00020863708027562503,0.05098518,0.04976662,0.00121856,0.02549259,0.02549259,0.0005892285324409
f4df96636b4b79a678447d2e14f2ae6da3d4c343d339194b777f7c7d96500bd4,2022-12-15 17:20:46,0.052317,0,35051.0,0.00018159999999999704,1,2,2.0,3,0.052317,0.052317,0.052317,0.052317,0.052317,0.0,0.052135400000000005,0.05,0.0021354,0.026067700000000003,0.026067700000000003,0.0005727549832900001
ccf6edacb6d62af056ee71566716cac57e87f794022bcdb86a50f74ccc91b386,2022-12-16 20:46:41,0.04976662,0,98755.0,0.00018159999999999704,1,2,2.0,3,0.04976662,0.04976662,0.04976662,0.04976662,0.04976662,0.0,0.04958502,0.04707228,0.00251274,0.02479251,0.02479251,0.0004963881512529
9ed24e93f53ce7ffa6315dde3df4c6276a00ebafd1e509ec7729f99ddc317678,2022-12-19 01:35:42,0,0.0458235,190141.0,6.270000000002662e-06,2,2,1.0,4,0.07674201,0.06994,0.00680201,0.038371005,0.038371005,0.0009966014453100251,0.07673574,0.0458235,0.03091224,0.03836787,0.03836787,5.558641869690002e-05
609817287c3d37569c66595091c8889f7ea127fd690e9a2226d426c6cafaef4a,2023-01-13 22:39:40,0,0.095274,2235838.0,1.034999999999231e-05,4,2,0.5,6,0.13390427,0.0526544,0.0112016,0.035024135,0.0334760675,0.00022220399856486873,0.13389392,0.095274,0.03861992,0.06694696,0.06694696,0.0008024211951615999
6326ff6da23f85e94807a7da7df3dd9f97949d92dd0c17b22d025de0adb0c5f5,2023-01-14 03:14:39,0,0.0326277,16499.0,1.1259999999999049e-05,1,2,2.0,3,0.03861992,0.03861992,0.03861992,0.03861992,0.03861992,0.0,0.03860866,0.0326277,0.00598096,0.01930433,0.01930433,0.00017751218815690003
3585b6d4f882e5c7ac71d30bd7613cd65b604018c2e8010452d214d91a1cb486,2023-01-16 23:04:45,0.0326277,0,244206.0,0.00018160000000000398,1,2,2.0,3,0.0326277,0.0326277,0.0326277,0.0326277,0.0326277,0.0,0.0324461,0.0262177,0.0062284,0.01622305,0.01622305,9.98930286225e-05
36d4d85ae78d822fb43a4ec337a3819003c1ad76ffcb048c1eea7bce569b94da,2023-01-17 03:29:02,0.0458235,0,15857.0,0.00018160000000000398,1,2,2.0,3,0.0458235,0.0458235,0.0458235,0.0458235,0.0458235,0.0,0.0456419,0.04411177,0.00153013,0.02282095,0.02282095,0.0004532990162724
22ec9bab8b699468252f5a6068423e7798f6a5e3f5cb62b7ef41135631212925,2023-01-19 07:10:31,0,0.04338,186089.0,1.8769999999987408e-05,2,2,1.0,4,0.12366904,0.09655035,0.02711869,0.06183452,0.06183452,0.0012051888525888997,0.12365027,0.08027027,0.04338,0.061825135,0.061825135,0.00034022300516822507
20dd94d2ac6b9cbde4a225c0afa6b5f93e609758e864b5698477b261228a31e9,2023-01-19 07:42:20,0,0.0130113,1909.0,5.630000000006463e-06,1,2,2.0,3,0.08027027,0.08027027,0.08027027,0.08027027,0.08027027,0.0,0.08026464,0.06725334,0.0130113,0.04013232,0.04013232,0.0007355497258403999
454393b1adc89eaf49f3670fd1de2ec3327a129c385d2d409b49419008e52942,2023-01-19 22:50:15,0.0130113,0,54475.0,0.0001816000000000005,1,2,2.0,3,0.0130113,0.0130113,0.0130113,0.0130113,0.0130113,0.0,0.0128297,0.00951867,0.00331103,0.00641485,0.00641485,9.6336985924e-06
5bb60b6821e9a547d2e8ca3ac612b8217c49f3a06fce3e1ef3d51a22a68635ee,2023-01-31 06:15:39,0.04338,0,977124.0,0.0002804900000000013,2,1,0.5,3,0.04397476,0.04338,0.00059476,0.02198738,0.02198738,0.00045764419046440005,0.04369427,0.04369427,0.04369427,0.04369427,0.04369427,0.0
5f96a04773e08318228f329774a73adf0ac008e2c913e698b2541b20f6698ae8,2023-02-05 09:40:15,0,0.038547,444276.0,6.270000000002662e-06,2,2,1.0,4,0.058107160000000005,0.03678568,0.02132148,0.029053580000000002,0.029053580000000002,5.9785370410000006e-05,0.05810089,0.038547,0.01955389,0.029050445,0.029050445,9.018455686802496e-05
e3e359a247583e49a2f4a211aaa21647a55aec13d1056655ddf3276421ecbc2f,2023-02-14 18:44:12,0.038547,0,810237.0,0.00018159999999999704,1,2,2.0,3,0.038547,0.038547,0.038547,0.038547,0.038547,0.0,0.0383654,0.03511165,0.00325375,0.0191827,0.0191827,0.0002537314481025
22a473be3eedb92bb9125e3f04554c71153e461098e5db1bb6964d9c5a60b7fd,2023-02-16 08:36:09,0,0.07240786,136317.0,4.670999999999148e-05,1,2,2.0,3,0.09596661,0.09596661,0.09596661,0.09596661,0.09596661,0.0,0.0959199,0.07240786,0.02351204,0.04795995,0.04795995,0.0005977003033681
0a820901ba078b273dc928b32cf7ede7259f25f58310b8baaee873e6f02b6880,2023-02-16 12:05:17,0.07240786,0,12548.0,0.00018160000000000398,1,2,2.0,3,0.07240786,0.07240786,0.07240786,0.07240786,0.07240786,0.0,0.07222626,0.063,0.00922626,0.03611313,0.03611313,0.0007229037783969
d4c70a30a582108eb59e072742cd6fb9ec8741f52a04f3cffa456ecb7ba07e26,2023-03-06 23:59:24,0.095274,0,1598047.0,0.00018160000000000398,1,2,2.0,3,0.095274,0.095274,0.095274,0.095274,0.095274,0.0,0.0950924,0.09127114,0.00382126,0.0475462,0.0475462,0.0019118703780036002
478b5ec8d9b495e15a5c3a287a67a0662f25e8034ee583556cb591bb26fa2f5f,2023-03-10 05:33:05,0,0.043,279221.0,0.0004511900000000041,6,1,0.16666666666666666,7,0.04345119,0.02952911,0.00114182,0.0022181199999999996,0.007241865,0.00010202675686675834,0.043,0.043,0.043,0.043,0.043,0.0
24cdb2eef222c63bf761041d6a9cb32419951b3e50604c06e28402d865617bd5,2023-03-10 07:20:10,0,0.0009828,6425.0,2.8150000000000223e-05,1,2,2.0,3,0.00297165,0.00297165,0.00297165,0.00297165,0.00297165,0.0,0.0029435,0.0019607,0.0009828,0.00147175,0.00147175,2.3907210250000004e-07
ff137973bee3da81305454fb8d5e991224fe5e5b78557ebedafbd4612d5b19de,2023-03-10 08:41:43,0.0009828,0,4893.0,0.00030040000000000015,2,1,0.5,3,0.001814,0.0009828,0.0008312,0.000907,0.000907,5.74564e-09,0.0015136,0.0015136,0.0015136,0.0015136,0.0015136,0.0
092164179fe0b1f127f3b87d73fba04a9a9ac943d6829c5fe9298c163e24b872,2023-03-11 08:29:17,0,0.088848,85654.0,8.449999999993185e-06,1,2,2.0,3,0.15485049,0.15485049,0.15485049,0.15485049,0.15485049,0.0,0.15484204000000001,0.088848,0.06599404,0.07742102000000001,0.07742102000000001,0.0001305758719203999
cbcbdd0364b8f5922c67d28afd095ce78c897ad4cc54ec98e5a3cc2650487f95,2023-03-11 10:33:49,0,0.04356,7472.0,7.039999999999824e-06,1,2,2.0,3,0.05698939,0.05698939,0.05698939,0.05698939,0.05698939,0.0,0.05698235,0.04356,0.01342235,0.028491175,0.028491175,0.00022706948688062503
8735902a552f18aa0f1f29b018dbd40c98752f32e7c69a46b076f305635abc62,2023-03-14 17:57:49,0.088848,0,285840.0,0.00028865999999999614,2,1,0.5,3,0.09192639999999999,0.088848,0.0030784,0.045963199999999996,0.045963199999999996,0.00183910607104,0.09163774,0.09163774,0.09163774,0.09163774,0.09163774,0.0
e69cb37efc83220c6026366508d47df55b872c84dcbb54d750a8112dcfa69799,2023-04-03 11:55:22,0.04356,0,1706253.0,0.00018160000000000398,1,2,2.0,3,0.04356,0.04356,0.04356,0.04356,0.04356,0.0,0.0433784,0.04277947,0.00059893,0.0216892,0.0216892,0.00044479948867289995
f8604a0edb1996d756eb90907bd7f7284e7d6b2fb0ac5f45fdb035d728da0372,2023-04-05 14:05:35,0,0.01572766,180613.0,3.360000000000862e-05,1,2,2.0,3,0.05,0.05,0.05,0.05,0.05,0.0,0.049966399999999994,0.03423874,0.01572766,0.024983199999999997,0.024983199999999997,8.566502069159995e-05
dfd986be90a4abbcab4adc0cb4a3271f5a2f2b679e8a4c9fc061b581abdd5b86,2023-04-07 21:07:26,0.01572766,0,198111.0,0.00029152000000000344,2,1,0.5,3,0.04365406,0.0279264,0.01572766,0.02182703,0.02182703,3.7202314396899994e-05,0.04336254,0.04336254,0.04336254,0.04336254,0.04336254,0.0
b7aca073e81f29605a0c5ce7bb6f6b595b3c11bcf40a812a6e650eb6f843777b,2023-04-10 09:51:05,0,0.03163106,218619.0,7.43999999999953e-05,3,1,0.3333333333333333,4,0.03170546,0.01454727,0.00464025,0.01251794,0.010568486666666667,1.825835836282222e-05,0.03163106,0.03163106,0.03163106,0.03163106,0.03163106,0.0
e98a40cd9c7713914205b64efae158660c54af8ee9f0eade898e351e3e3b68ab,2023-04-12 07:09:14,0,0.03266871,163089.0,4.256000000001092e-05,1,2,2.0,3,0.08465937,0.08465937,0.08465937,0.08465937,0.08465937,0.0,0.08461680999999999,0.0519481,0.03266871,0.04230840499999999,0.04230840499999999,9.2923719693025e-05
53e55ec09a733ea289dae29b1fa7e37ec04620cfd206394f0796a65db2292f4b,2023-04-18 02:08:27,0.03163106,0,500353.0,0.00018160000000000398,1,2,2.0,3,0.03163106,0.03163106,0.03163106,0.03163106,0.03163106,0.0,0.03144946,0.01825256,0.0131969,0.01572473,0.01572473,6.389924508900005e-06
aa061ab83f16a3f4e5d51bcac585e8e922538184c49db54e4df4fbf8a317140e,2023-04-20 15:47:56,0.03266871,0,221969.0,0.00018159999999999704,1,2,2.0,3,0.03266871,0.03266871,0.03266871,0.03266871,0.03266871,0.0,0.03248711,0.02764072,0.00484639,0.016243555,0.016243555,0.00012989537003722503
9005635af8e473d2077c5dc16fe263fabb1229d751efb4ca9363787df2ce3fe4,2023-05-03 19:43:34,0.043,0,1137338.0,0.00018159999999999704,1,2,2.0,3,0.043,0.043,0.043,0.043,0.043,0.0,0.0428184,0.04184384,0.00097456,0.0214092,0.0214092,0.00041757451192960004
0bdd669c9385e953ecdc9931223bd008c7f82883eaabd72deb952609da9cdede,2023-05-17 04:26:53,0,0.0498564,1154599.0,0.00020384000000001068,1,2,2.0,3,0.1848,0.1848,0.1848,0.1848,0.1848,0.0,0.18459615999999998,0.13473976,0.0498564,0.09229807999999999,0.09229807999999999,0.0018012962012223994
066b3ba8fe066f55dfdd22ccc18290f6df5ef44d4eaf2d1ce4ddc6d0a8357d1b,2023-05-21 09:22:16,0,0.04112223,363323.0,8.555999999999148e-05,2,2,1.0,4,0.0413642,0.04108699,0.00027721,0.0206821,0.0206821,0.00041635953591209995,0.041278640000000005,0.04112223,0.00015641,0.020639320000000003,0.020639320000000003,0.0004195496020681001
108a21a00558281232968c1d2537dbcb3f3b5e26619f38c7785ddab368fbbc74,2023-05-21 20:36:22,0.04112223,0,40446.0,0.00018159999999999704,1,2,2.0,3,0.04112223,0.04112223,0.04112223,0.04112223,0.04112223,0.0,0.040940630000000006,0.0391,0.00184063,0.020470315000000003,0.020470315000000003,0.0003470651631992251
a5235595ba047cf783f81c4861862ec1b3c66b53c70fcdc55947907dac36812d,2023-05-22 13:22:28,0.0498564,0,60366.0,0.00018160000000000398,1,2,2.0,3,0.0498564,0.0498564,0.0498564,0.0498564,0.0498564,0.0,0.0496748,0.04849299,0.00118181,0.0248374,0.0248374,0.0005595869382481
41183946add634885e5b04bac8f58d26726f12981352b4544518fd163c9f1434,2023-05-27 13:56:26,0,0.02687643,434038.0,8.512000000000103e-05,1,2,2.0,3,0.037,0.037,0.037,0.037,0.037,0.0,0.03691488,0.02687643,0.01003845,0.01845744,0.01845744,7.087939262009999e-05
ae7f4b70a6e2101757eee8b312cd6b2a60ad7e1407ce72f6e353c77f8fb9506c,2023-06-15 02:26:45,0.02687643,0,1600219.0,0.00029417999999999805,2,1,0.5,3,0.02703812,0.02687643,0.00016169,0.01351906,0.01351906,0.0001784193333169,0.02674394,0.02674394,0.02674394,0.02674394,0.02674394,0.0
838eeb337d08e04678add868129e9dc65b68ab4e814970f82d027131d6d61568,2023-06-15 06:22:12,0,0.03586937,14127.0,4.480000000000456e-05,1,2,2.0,3,0.04,0.04,0.04,0.04,0.04,0.0,0.039955199999999996,0.03586937,0.00408583,0.019977599999999998,0.019977599999999998,0.00025254835373289997
3057d61db3c2ceee107a554ee3b31a77260b8d489f9e0aa6482aaf72f9298a31,2023-06-27 19:57:24,0.03586937,0,1085712.0,0.00018159999999999704,1,2,2.0,3,0.03586937,0.03586937,0.03586937,0.03586937,0.03586937,0.0,0.03568777,0.03266708,0.00302069,0.017843885,0.017843885,0.00021972711000802503
96690c6e71e24166377c9cfaa3c8a72e15d29d6a8d937be0950ebc8981dfc290,2023-09-24 14:09:03,0,0.03371338,7668699.0,7.440000000000224e-05,2,2,1.0,4,0.04013013,0.03253763,0.0075925,0.020065065,0.020065065,0.00015556487767922497,0.04005573,0.03371338,0.00634235,0.020027865,0.020027865,0.00018729332081522502
97ecf23a7e89b72a96c3543bb5dc4ea21520ee4d5066df6f70742bf6e52ac884,2023-09-24 14:09:03,0,0.06769266,0.0,5.579999999999474e-05,2,2,1.0,4,0.10028609,0.05872809,0.041558,0.050143045,0.050143045,7.370299765202499e-05,0.10023029,0.06769266,0.03253763,0.050115145,0.050115145,0.00030896903357522504
4104e20ef51795f191407c43d16b0f89658219ce25e7b331ce9eff2b9b1410ef,2023-09-25 01:43:13,0.06769266,0,41650.0,0.00018160000000000398,1,2,2.0,3,0.06769266,0.06769266,0.06769266,0.06769266,0.06769266,0.0,0.06751106,0.04157539,0.02593567,0.03375553,0.03375553,6.115021041959997e-05
0f9320f3df94685cf429af9a1f1d418c2ef285e94af549510b5e7cd22e983593,2023-09-29 19:18:02,0.03371338,0,408889.0,0.00018159999999999704,1,2,2.0,3,0.03371338,0.03371338,0.03371338,0.03371338,0.03371338,0.0,0.033531780000000004,0.03304121,0.00049057,0.016765890000000002,0.016765890000000002,0.00026488604110240006
f502a01b4c12ab150e09a464c4904aa6711442b3ed1c3c05becd50f4c934107b,2023-10-04 13:31:03,0,0.01838036,411181.0,2.9120000000000534e-05,1,2,2.0,3,0.0196,0.0196,0.0196,0.0196,0.0196,0.0,0.01957088,0.01838036,0.00119052,0.00978544,0.00978544,7.387264980639999e-05
a496e90dc88dc29a1d0880fba88bcd67d35afbfd7295e3422edea73061949a77,2023-10-05 13:27:35,0.01838036,0,86192.0,0.00018159999999999704,1,2,2.0,3,0.01838036,0.01838036,0.01838036,0.01838036,0.01838036,0.0,0.01819876,0.0131392,0.00505956,0.00909938,0.00909938,1.63201456324e-05
799ce44ddf3ea5804f142554d8555c9d4044d987a35eeee20a16646eb8eb2275,2023-11-01 22:44:29,0,0.03119487,2366214.0,3.3600000000001684e-05,1,2,2.0,3,0.0322855,0.0322855,0.0322855,0.0322855,0.0322855,0.0,0.0322519,0.03119487,0.00105703,0.01612595,0.01612595,0.00022707234996639997
88592e72e581184fefe3baf954d619882be14779c728f03f00fc469947366bbc,2023-11-08 01:59:05,0.03119487,0,530076.0,0.00018159999999999704,1,2,2.0,3,0.03119487,0.03119487,0.03119487,0.03119487,0.03119487,0.0,0.031013270000000003,0.02866944,0.00234383,0.015506635000000001,0.015506635000000001,0.00017325943546802502
5e242d3fe6d8c962fb3cc01ddb1662c8a70409375a5ceea044f1d4aed3592928,2023-11-12 02:16:08,0,0.01912966,346623.0,0.00011160000000000336,2,2,1.0,4,0.02175039,0.0126,0.00915039,0.010875195,0.010875195,2.974952288025001e-06,0.021638789999999998,0.01912966,0.00250913,0.010819394999999999,0.010819394999999999,6.9060504370225e-05
256e61f93628b8696c10c932e13d01cbd44cdb2a02c02be4cadc7f9b36aa3a0b,2023-11-13 00:47:49,0.01912966,0,81101.0,0.0001816000000000005,1,2,2.0,3,0.01912966,0.01912966,0.01912966,0.01912966,0.01912966,0.0,0.01894806,0.01608846,0.0028596,0.00947403,0.00947403,4.375068422489999e-05
9b54f4b3fcd5d5c0ef63263b75be52308b569fb1f243235d5ec06604bfdd180f,2023-12-09 04:07:30,0,0.00705813,2258381.0,8.960000000000044e-05,1,2,2.0,3,0.00800616,0.00800616,0.00800616,0.00800616,0.00800616,0.0,0.00791656,0.00705813,0.00085843,0.00395828,0.00395828,9.609070022500001e-06
a14737e6fa3949808ed672c1394115e1192e564f4177fb6559b8e775d53293ea,2023-12-16 04:56:34,0.00705813,0,607744.0,0.00027493999999999956,2,1,0.5,3,0.00726978,0.00705813,0.00021165,0.00363489,0.00363489,1.1718572097600002e-05,0.00699484,0.00699484,0.00699484,0.00699484,0.00699484,0.0
ee66e18a57829d9fec27682e982183c7129cd624855a16cdf77802394334e0fe,2023-12-16 08:33:40,0,0.00030079,13026.0,0.00011277999999999999,1,1,1.0,2,0.00041357,0.00041357,0.00041357,0.00041357,0.00041357,0.0,0.00030079,0.00030079,0.00030079,0.00030079,0.00030079,0.0
c62e08deeec687a0752b25daa0058dded6cd140d24e9345b41b673457093c629,2023-12-18 08:23:42,0.00030079,0,172202.0,0.0006583999999999479,5,2,0.4,7,0.78202969,0.78062992,0.00023526,0.00041666,0.156405938,0.0974139008161996,0.78137129,0.758,0.02337129,0.390685645,0.390685645,0.13491983538906605
a5c35c1f0ae09b1bb65c4e9fa6989853338611b65efc92fb7cbf56083dad8b45,2023-12-18 08:23:42,0,0.00381917,0.0,0.0005600000000000006,1,2,2.0,3,0.00796951,0.00796951,0.00796951,0.00796951,0.00796951,0.0,0.00740951,0.00381917,0.00359034,0.003704755,0.003704755,1.309079222500002e-08
d432efc8afed686600efdc45e1491ae35192af35f24959c9d656a122ca99520c,2023-12-19 07:00:01,0,0.00815081,81379.0,0.00017920000000000089,1,2,2.0,3,0.00938806,0.00938806,0.00938806,0.00938806,0.00938806,0.0,0.00920886,0.00815081,0.00105805,0.00460443,0.00460443,1.2576811104399999e-05
c7693d4585dd9427635acb447d0d7156aed2a234a19a41f95a0c6af2063a441e,2023-12-20 02:20:18,0.00381917,0,69617.0,0.0001816000000000005,1,2,2.0,3,0.00381917,0.00381917,0.00381917,0.00381917,0.00381917,0.0,0.0036375699999999997,0.00278097,0.0008566,0.0018187849999999998,0.0018187849999999998,9.257999742249998e-07
6a14d745ed8f8352a426de1e11c93de3334c68d224aa9825a83a96ae023f1aac,2023-12-22 23:28:01,0.00815081,0,248863.0,0.0001816000000000005,1,2,2.0,3,0.00815081,0.00815081,0.00815081,0.00815081,0.00815081,0.0,0.00796921,0.0069,0.00106921,0.003984605,0.003984605,8.499528006024998e-06
c26ad72d881c3bce2b8b7fb08aa0a50c83cc9c5970715af0befd6525e6952cb8,2024-01-17 11:49:48,0,0.01448314,2204507.0,9.632000000000043e-05,1,2,2.0,3,0.02165585,0.02165585,0.02165585,0.02165585,0.02165585,0.0,0.02155953,0.01448314,0.00707639,0.010779765,0.010779765,1.3714986390625e-05
e1933186a9245cebf51d50bba107ef1fb3481decc9d23eb060d8e21380fa77f4,2024-01-19 12:27:36,0.01448314,0,175068.0,0.0001816000000000005,1,2,2.0,3,0.01448314,0.01448314,0.01448314,0.01448314,0.01448314,0.0,0.01430154,0.01216109,0.00214045,0.00715077,0.00715077,2.51033065024e-05
a3ac8003f3980552c0243e4ed79db6db61e78fa97f400a3117b202c66ed0edd9,2024-01-25 18:15:37,0,0.01003457,539281.0,6.49600000000028e-05,1,2,2.0,3,0.03738635,0.03738635,0.03738635,0.03738635,0.03738635,0.0,0.037321389999999996,0.02728682,0.01003457,0.018660694999999998,0.018660694999999998,7.4410032515625e-05
575601f323d7821d0330b31aa16ebaa574fe0c003fd14838e68377ab293e11e8,2024-01-27 00:00:40,0.01003457,0,107103.0,0.0005391999999999966,4,2,0.5,6,0.04715354,0.01461749,0.01003457,0.01125074,0.011788385,2.9307900856250005e-06,0.046614340000000004,0.041,0.00561434,0.023307170000000002,0.023307170000000002,0.00031303623340890005
62b17372d3dd65ca0484db904b1603dc4754b0dfaee43909bd42ca0999070af8,2024-02-16 14:38:49,0,0.01117663,1780689.0,3.583999999999879e-05,1,2,2.0,3,0.02,0.02,0.02,0.02,0.02,0.0,0.01996416,0.01117663,0.00878753,0.00998208,0.00998208,1.4269497024999999e-06
6291a787f6735848dd8f7fdb75edbccbaec9d49feb426b6b5219af79c5e2184b,2024-02-21 16:35:29,0.01117663,0,439000.0,0.00018159999999999878,1,2,2.0,3,0.01117663,0.01117663,0.01117663,0.01117663,0.01117663,0.0,0.010995030000000001,0.0079,0.00309503,0.0054975150000000006,0.0054975150000000006,5.771934175225002e-06
167483b83df5c7d425d99736bac698bc5c9f0fb219a97cc8103605420c44a373,2024-03-19 14:06:16,0,0.00340663,2323847.0,4.255999999999878e-05,1,2,2.0,3,0.00812656,0.00812656,0.00812656,0.00812656,0.00812656,0.0,0.008084000000000001,0.00467737,0.00340663,0.0040420000000000005,0.0040420000000000005,4.036950369000002e-07
15815e7ee455990d779ab94442eafa1bb989e351e0be21b003c6b9d268062eb3,2024-03-20 00:45:13,0.00340663,0,38337.0,0.00018160000000000008,1,2,2.0,3,0.00340663,0.00340663,0.00340663,0.00340663,0.00340663,0.0,0.00322503,0.00286129,0.00036374,0.001612515,0.001612515,1.5594390006249998e-06
a715f2461fec6b51e3a370957885e5c0dc9b2878e52bc9240c85528ba21772cc,2024-05-07 15:28:28,0,0.01115517,4200195.0,3.584000000000226e-05,1,2,2.0,3,0.05503733,0.05503733,0.05503733,0.05503733,0.05503733,0.0,0.05500149,0.04384632,0.01115517,0.027500745,0.027500745,0.00026717782208062504
00c3a54b2edc8cb0fa5be86c68a0809a00c1329f60a6e571e50d564b8f6221a4,2024-05-18 03:19:33,0.01115517,0,906665.0,0.0019695999999999603,16,2,0.125,18,0.15761498999999998,0.02288858,0.00747694,0.00784042,0.009850936874999999,1.6200268488521482e-05,0.15564539000000002,0.14899253,0.00665286,0.07782269500000001,0.07782269500000001,0.005065145413927226
98df17758b285db98159c0e57ba726ea7a31838482275df4d4ecb702b1181246,2024-05-22 08:01:55,0,0.00448234,362542.0,2.2400000000000544e-05,1,2,2.0,3,0.0082246,0.0082246,0.0082246,0.0082246,0.0082246,0.0,0.0082022,0.00448234,0.00371986,0.0041011,0.0041011,1.4534393759999978e-07
