address,total_transaction,total_received,total_sent,indegree,outdegree,total_address,unique_address,redundant_address,average_address_per_tx,address_variance,average_indegree,indegree_variance,average_outdegree,outdegree_variance,income_to_expense_ratio,total_income_expense,average_income_per_indegree,income_variance,average_expense_per_outdegree,expense_variance,total_time_interval,avg_time_interval,var_time_interval,avg_time_interval_in_out,var_time_interval_in_out,symmetry,interval_day,unique_day,day_ratio,max_daily_tx,min_daily_tx,avg_daily_tx,var_daily_tx,med_daily_tx,0->0,0->1,1->0,1->1
112AsBjZs7wqGvr1J39jsdj66S75xv8mrJ,100,69.41816417,70.7052198,50,50,1284,985,299,12.84,356.9144,2.97,6.6691,9.87,333.7731,1.018540618,140.123384,1.388363283,4.97434831,1.414104396,4.936906179,144170719,1456269.889,6.29E+13,30270.58,4231936801,0.095208099,1669,53,0.031755542,4,1,1.886792453,0.364542542,2,0.1,0.88,0.9,0.1
112ZvEKEJvDNmcaaCfUAG4uwt9pQuVV2Cx,2,0.00324,0.00324,1,1,107,106,1,53.5,2352.25,3.5,0.25,50,2401,1,0.00648,0.00324,0,0.00324,0,35353,35353,0,35353,0,0,1,1,1,2,2,2,0,2,0,0,1,0
112drDf32AcZEj8x3Ta3MfXxxcH68wBBUa,100,0.40359725,0.40359725,50,50,2926,2749,177,29.26,6103.6524,6.53,1510.7091,22.73,2892.2971,1,0.8071945,0.008071945,0.000147767,0.008071945,0.000147767,76156564,769258.2222,1.49E+12,184068.36,77338490514,0.100114374,882,82,0.092970522,2,1,1.219512195,0.171326591,1,0.12,0.86,0.88,0.12
113781PBVavptHh76y2chbjocXwLtN678Z,2,0.00048654,0.00048654,1,1,17,16,1,8.5,30.25,6.5,30.25,2,0,1,0.00097308,0.00048654,0,0.00048654,0,27421970,27421970,0,27421970,0,0,318,2,0.006289308,1,1,1,0,1,0,0,1,0
113Kg77P8X11oHaBKGHkukWbvv7RGVYs5n,8,0.00038983,0.00038983,4,4,7219,7074,145,902.375,1515127.234,137.375,49586.73438,765,1666644.75,1,0.00077966,9.75E-05,8.23E-09,9.75E-05,8.23E-09,69667133,9952447.571,4.65E+14,512038,28351845059,0.204284307,807,8,0.009913259,1,1,1,0,1,0.25,0.5,0.75,0.25
113p4RHuk9cngS2mUtUHr6q2cPqCaqKRAT,5,1.4218423,1.4218423,4,4,59,50,9,11.8,69.76,9.6,72.24,2.2,0.16,1,2.8436846,0.355460575,0.082168851,0.355460575,0.082168851,2954209,738552.25,1.01E+11,738552.25,1.01E+11,0,35,5,0.142857143,1,1,1,0,1,0.75,0,1,0
11413D6i87En3qXX8AqEGutrWf7VggUpaz,100,0.08755229,0.08755229,51,51,5407,4249,1158,54.07,8176.1851,29.04,7458.3984,25.03,845.2091,1,0.17510458,0.001716712,8.22E-07,0.001716712,8.22E-07,84481304,853346.5051,6.16E+12,55194.31373,12298526064,0.031984769,978,66,0.067484663,5,1,1.515151515,0.461891644,1,0.06122449,0.918367347,0.901960784,0.098039216
1148xBWnv4uWNCi3vWKoKnVZVB8NeHQPFz,100,0.28506205,0.28506205,50,50,1682,1497,185,16.82,1517.0876,1.75,3.8675,15.07,1493.8851,1,0.5701241,0.005701241,3.16E-05,0.005701241,3.16E-05,18984442,191762.0404,85844154063,110964.42,24816981870,0.346141022,220,67,0.304545455,6,1,1.492537313,0.87680998,1,0.28,0.7,0.72,0.28
114E86Zn9MrqcGTozvC6Xwz8v7FgLeswoH,2,0.02531,0.02531,1,1,14,12,2,7,16,1,0,6,16,1,0.05062,0.02531,0,0.02531,0,0,0,0,0,0,0,1,1,1,2,2,2,0,2,0,1,0,0
115GiEa4v3cQsd4fTdbktGSyPRdqoks96A,72,6.74519388,6.74359882,71,70,288,143,145,4,51.16666667,2,51.16666667,2,0,0.999763526,13.4887927,0.095002731,0.003975999,0.096337126,0.003906376,1912409,26935.33803,14097104323,241859.7143,1.06E+11,0.623677481,23,8,0.347826087,27,1,9,73.5,6,0.955882353,0.029411765,0.75,0.25
115HYQMn4ytJ3a4G4aDRkbKJXXBGf9PvZG,29,0.28417661,0.28417661,15,15,1204,919,285,41.51724138,3838.387634,35.17241379,3996.832342,6.344827586,77.7431629,1,0.56835322,0.018945107,0.000208183,0.018945107,0.000208183,161661852,5773637.571,3.23E+14,274171.6,51935789414,0.137383567,1872,27,0.014423077,2,1,1.074074074,0.068587106,1,0.071428571,0.857142857,0.866666667,0.133333333
116HEAVH1DVNe8qtDJbAb9GXq4cTvnbUwM,6,0.00790977,0.00790977,3,3,21,12,9,3.5,1.25,1.833333333,1.138888889,1.666666667,0.222222222,1,0.01581954,0.00263659,1.14E-05,0.00263659,1.14E-05,237903,47580.6,6848598032,77649,10283200341,25.42013449,3,3,1,3,1,2,0.666666667,2,0.333333333,0.333333333,0.666666667,0.333333333
11KRKFgbA9C1B5QgBbeLiqXNoy3F37Cww,2,0.29944106,0.29944106,1,1,6,5,1,3,0,1,0,2,0,1,0.59888212,0.29944106,0,0.29944106,0,9679,9679,0,9679,0,0,1,1,1,2,2,2,0,2,0,0,1,0
11y4AKBbmASVNeYZ361uh6B9RAAvv1JZ3,26,0.01343454,0.01343454,13,13,529,498,31,20.34615385,1377.380178,3.769230769,23.4852071,16.57692308,1423.244083,1,0.02686908,0.001033426,1.41E-06,0.001033426,1.41E-06,79703628,3188145.12,6.72E+13,171315.2308,1.34E+11,0.191143217,923,17,0.018418202,4,1,1.529411765,0.719723183,1,0.153846154,0.769230769,0.846153846,0.153846154
121KwyUSaSoCDShBGwJaSXsQFgeaRTwppS,100,0.01054323,0.0175492,54,57,104139,25974,78165,1041.39,937098.9779,89.53,21491.9691,951.86,1082783.1,1.664499399,0.02809243,0.000195245,1.09E-07,0.000307881,6.62E-07,81849234,826759.9394,1.06E+13,170590.3684,15098133049,0.940342028,948,87,0.091772152,2,1,1.149425287,0.127097371,1,0.195652174,0.782608696,0.685185185,0.314814815
1225aKQznJy9Z9RQ9qRyPPsbYFrLw28DYX,45,0.01387286,0.01387286,23,23,9893,5629,4264,219.8444444,16184.04247,92.73333333,23358.72889,127.1111111,15151.07654,1,0.02774572,0.000603168,5.12E-07,0.000603168,5.12E-07,223813151,5086662.523,1.03E+14,450760.087,1.44E+11,0.009185097,2591,41,0.015824006,2,1,1.097560976,0.088042832,1,0,0.954545455,0.956521739,0.043478261
123d91wn2Hn27QcZpu55U18pdSTSWyaYgv,85,0.21723408,0.21723408,43,43,9991,2994,6997,117.5411765,9955.071834,41.02352941,7508.870035,76.51764706,8311.708512,1,0.43446816,0.005051955,6.83E-05,0.005051955,6.83E-05,171768455,2044862.56,2.56E+13,276546.8605,92721878118,0.017014506,1989,74,0.037204625,2,1,1.148648649,0.126552228,1,0.071428571,0.904761905,0.906976744,0.093023256
123jRYKAQvidmTyWXmXjUCMbfG7d9fTPnt,4,0.00012469,0.00012469,2,2,661,628,33,165.25,19465.6875,7.25,25.1875,158,20334.5,1,0.00024938,6.23E-05,1.09E-10,6.23E-05,1.09E-10,523000,174333.3333,38274273307,36898.5,746409720.3,0,7,3,0.428571429,2,1,1.333333333,0.222222222,1,0,0.5,1,0
124kx5fRaNt5HrqNcTyGAuChwVCHy3Xh2n,16,0.55933081,0.55933081,8,8,561,390,171,35.0625,2081.808594,31,2152.75,4.0625,72.43359375,1,1.11866162,0.069916351,0.003529267,0.069916351,0.003529267,195018453,13001230.2,6.98E+14,153181.125,33628346403,0,2258,14,0.006200177,2,1,1.142857143,0.12244898,1,0,0.875,1,0
125c4zySQDdvwgHH6fQNcVHeguiCbRHCgX,24,0.00114804,0.00114804,12,12,4405,3897,508,183.5416667,30420.0816,100.5833333,29309.57639,82.95833333,13019.37326,1,0.00229608,9.57E-05,7.46E-09,9.57E-05,7.46E-09,42054684,1828464.522,4.27E+12,2019749.333,4.55E+12,0.345862835,487,21,0.04312115,2,1,1.142857143,0.12244898,1,0.25,0.666666667,0.75,0.25
126EEDd8beWw7QTPVpQfVJNcghw5nFcbCb,2,1.02E-05,1.02E-05,1,1,3305,3169,136,1652.5,1818452.25,116.5,13340.25,1536,2143296,1,2.03E-05,1.02E-05,0,1.02E-05,0,53563,53563,0,53563,0,0,1,1,1,2,2,2,0,2,0,0,1,0
126FSYJZL6urrgc9uKWNe7Ty3jzzxNRfyp,2,5.90526325,5.90526325,1,1,6,5,1,3,0,1,0,2,0,1,11.8105265,5.90526325,0,5.90526325,0,0,0,0,0,0,0,1,1,1,2,2,2,0,2,0,1,0,0
126sV65qrXDSVus6TuRtcSUkoBKVwQhskp,3,0.11905089,0.11905089,3,3,119,97,22,39.66666667,1350.222222,23.66666667,856.8888889,16,104,1,0.23810178,0.03968363,7.87E-06,0.03968363,7.87E-06,44785,22392.5,501424056.3,44785,0,0.048303303,1,1,1,3,3,3,0,3,0,1,0.5,0
127LNHgxCC2MQciVnKPfrbxqkxWR9JL3FT,100,0.32223035,0.32223035,50,50,1499,1307,192,14.99,301.3499,4.78,56.8716,10.21,234.3059,1,0.6444607,0.006444607,3.66E-05,0.006444607,3.66E-05,54806603,553602.0505,7.62E+11,84757.38,11989255462,0.014499387,635,74,0.116535433,2,1,1.351351351,0.227903579,1,0.04,0.94,0.96,0.04
127aUV2uMdvhxjnPCnaMrUKEhvvwuCNTrT,2,0.00322,0.00322,1,1,90,88,2,45,1444,3.5,6.25,41.5,1640.25,1,0.00644,0.00322,0,0.00322,0,3591,3591,0,3591,0,0,1,1,1,2,2,2,0,2,0,0,1,0
127zScHbFBGCEYFrrDaTdmSr8XtkAjxhjg,84,2.29772002,2.29772002,43,43,2462,1542,920,29.30952381,2233.356576,25.61904762,2270.950113,3.69047619,29.97562358,1,4.59544004,0.053435349,0.005686278,0.053435349,0.005686278,93836718,1130562.867,1.17E+13,101503.2093,1.03E+11,0.048160092,1087,57,0.052437902,2,1,1.473684211,0.249307479,1,0.024390244,0.951219512,0.930232558,0.069767442
12873HiuKog1Vw5rFcNncSzqyTc8ckSnqi,2,0.1408416,0.1408416,1,1,209,206,3,104.5,9506.25,6,25,98.5,8556.25,1,0.2816832,0.1408416,0,0.1408416,0,6591155,6591155,0,6591155,0,0,77,2,0.025974026,1,1,1,0,1,0,0,1,0
128fdEwPyzHEi8kU1gF7tJhXRWnK13iod7,82,1.55778667,1.55778667,46,46,2654,2404,250,32.36585366,1136.207615,2.06097561,3.83774539,30.30487805,1094.065586,1,3.11557334,0.033864928,0.000926239,0.033864928,0.000926239,64414520,795240.9877,6.70E+12,640167.2222,9.70E+12,0.160751054,746,45,0.060321716,4,1,1.822222222,0.457283951,2,0.189189189,0.783783784,0.644444444,0.355555556
128iCFUAD8NdpMMbGaPNbXjV9HpZvZJvxJ,100,0.99445693,1.02102941,49,51,4598,4448,150,45.98,5563.6796,2.69,47.3339,43.29,5314.8659,1.026720594,2.01548634,0.020295039,0.000465476,0.020020185,0.000449804,51391423,519105.2828,2.95E+12,302029.4,1.50E+11,0.435933831,595,72,0.121008403,4,1,1.388888889,0.515432099,1,0.411764706,0.568627451,0.591836735,0.408163265
12AAvPU1QBtxyQGSwKrWq39uxmeuS3r6TG,30,0.85753047,0.85753047,15,15,344,300,44,11.46666667,52.24888889,4.4,13.90666667,7.066666667,24.59555556,1,1.71506094,0.057168698,0.00126646,0.057168698,0.00126646,37258963,1284791.828,3.78E+12,11368.2,102289250.4,0,432,18,0.041666667,2,1,1.666666667,0.222222222,2,0,0.933333333,1,0
12CEGPkTGF5GAa59FPZRm4jv8Kzt5KSTjZ,100,4.08074525,4.14318264,100,100,465,255,210,4.65,30.2875,2.37,21.9731,2.28,10.8616,1.015300487,8.22392789,0.040807452,0.011119365,0.041431826,0.011088114,950368,9599.676768,2242532085,5301.050505,163990927,0.694158439,11,8,0.727272727,34,1,12.5,101.25,12.5,0.875,0.113636364,0.833333333,0.166666667
12CYAGiTeHHaemtQ7qLmRJuwwojbhdXtiR,48,0.0398,0.0398,24,24,679,510,169,14.14583333,164.4162326,11.5,142.5833333,2.645833333,29.81206597,1,0.0796,0.001658333,1.03E-06,0.001658333,1.03E-06,96799922,2059572.809,2.61E+13,144290.3333,9636323056,0,1121,46,0.04103479,2,1,1.043478261,0.041587902,1,0,0.958333333,1,0
12Cx4yuoJEdx949iYBHeTrKcof5S8JWGLt,2,1.48226208,1.48226208,1,1,264,183,81,132,36,1,0,131,36,1,2.96452416,1.48226208,0,1.48226208,0,867781,867781,0,867781,0,0,11,2,0.181818182,1,1,1,0,1,0,0,1,0
12DKkWWtbbmidcBTMpFsp7UUTtKBe9Wz7H,2,0.000323,0.000323,1,1,155,154,1,77.5,5256.25,3,1,74.5,5402.25,1,0.000646,0.000323,0,0.000323,0,39057,39057,0,39057,0,0,1,1,1,2,2,2,0,2,0,0,1,0
12DexinUpZvrPc9KWv5MGSCMrn5H5ttfJc,8,0.22574677,0.22574677,7,7,293,229,64,36.625,1116.984375,16.75,656.4375,19.875,200.109375,1,0.45149354,0.032249539,0.000822785,0.032249539,0.000822785,3819858,545694,7.03E+11,23792.28571,193473987.1,0.682020873,45,4,0.088888889,2,2,2,0,2,0,1,0.6,0.2
12DopmvhM7kWnu2HSAEA3zXWYcioW8VoZ4,2,0.84919513,0.84919513,1,1,168,167,1,84,6561,2,1,82,6400,1,1.69839026,0.84919513,0,0.84919513,0,82844,82844,0,82844,0,0,1,2,2,1,1,1,0,1,0,0,1,0
12En2GBajFPfX2khK518X3iHiFEGgCNyyQ,2,0.01548444,0.01548444,1,1,6,4,2,3,0,1,0,2,0,1,0.03096888,0.01548444,0,0.01548444,0,5877,5877,0,5877,0,0,1,1,1,2,2,2,0,2,0,0,1,0
12Er234aa6LrbPNkKwpUeB8Dzvb1j9Yu5w,18,0.00486144,0.00486144,10,10,1430,1031,399,79.44444444,27683.1358,77.55555556,27684.91358,1.888888889,0.209876543,1,0.00972288,0.000486144,2.05E-07,0.000486144,2.05E-07,126386105,7434476.765,2.44E+14,1968534,6.37E+12,0.27558595,1463,11,0.007518797,4,1,1.636363636,0.958677686,1,0.25,0.625,0.6,0.4
12EvDxowFwYyaHns4gYscfhKt3xTmsd3bC,100,0.06294621,0.06294621,52,52,15427,9570,5857,154.27,8760.4571,52.21,8028.7459,102.06,9488.0164,1,0.12589242,0.001210504,1.17E-07,0.001210504,1.17E-07,134151589,1355066.556,2.24E+12,440706.8846,3.26E+11,0.041700685,1553,85,0.054732775,3,1,1.176470588,0.168858131,1,0.104166667,0.875,0.826923077,0.173076923
12F7ScC4movFYsbP4bFiMqf5roCsSJbTz8,100,0.97463099,0.97752084,50,51,6901,4440,2461,69.01,8866.7699,53.81,9628.8339,15.2,596.52,1.002965071,1.95215183,0.01949262,0.000497435,0.019167075,0.000492981,125238105,1265031.364,1.33E+13,276987.6275,3.04E+11,0.647603019,1450,78,0.053793103,4,1,1.282051282,0.305062459,1,0.1,0.88,0.9,0.1
12F7giMcSfCFcLTWUHhfNq1Hk6evwFDezW,20,0.00014326,0.00014326,10,10,28068,25391,2677,1403.4,1256800.84,172.7,44438.31,1230.7,1625637.71,1,0.00028652,1.43E-05,1.86E-10,1.43E-05,1.86E-10,44071042,2319528.526,6.60E+12,778184.7,2.88E+12,0,511,17,0.033268102,2,1,1.176470588,0.14532872,1,0,0.9,1,0
12FiSHjQRVCKZF2SucsbKhJy5sXkbcJekf,2,0.05373884,0.05373884,1,1,6,5,1,3,0,1,0,2,0,1,0.10747768,0.05373884,0,0.05373884,0,1231,1231,0,1231,0,0,1,1,1,2,2,2,0,2,0,0,1,0
12GoKXpSV9dvXhW8rP1yrbuEJnZEUdpiK6,2,0.53148473,0.53148473,1,1,6,5,1,3,0,1,0,2,0,1,1.06296946,0.53148473,0,0.53148473,0,0,0,0,0,0,0,1,1,1,2,2,2,0,2,0,1,0,0
12H3G8fnXVPSwad2SCL7uUvzZTfxBxFYXU,13,0.01629514,0.01629514,7,7,52,36,16,4,28.15384615,1.076923077,0.071005917,2.923076923,28.37869822,1,0.03259028,0.002327877,2.03E-06,0.002327877,2.03E-06,373995,31166.25,4001408834,37953.28571,6265681368,0.105966002,5,3,0.6,7,1,4.333333333,6.222222222,5,0.166666667,0.666666667,0.714285714,0.285714286
12HgNJXoGZJkRyx5Ab1TQBRpkc6srLvPb8,30,0.0475801,0.0475801,15,15,5379,5200,179,179.3,360237.61,21.3,7951.676667,158,358535.2667,1,0.0951602,0.003172007,6.70E-06,0.003172007,6.70E-06,14396598,496434.4138,6.19E+11,706318,2.47E+12,0.152882347,167,24,0.143712575,2,1,1.25,0.1875,1,0.2,0.733333333,0.8,0.2
12HqFo3toGZEboChKnnAXsRTwRCMdqtgHk,2,0.08280332,0.08280332,1,1,216,213,3,108,8836,6,25,102,7921,1,0.16560664,0.08280332,0,0.08280332,0,6650781,6650781,0,6650781,0,0,77,2,0.025974026,1,1,1,0,1,0,0,1,0
12HxdcFjULedesGyjPYbvs8YqySX8V8v3C,44,2.15124923,2.15124923,22,22,941,505,436,21.38636364,7526.37345,17.86363636,7525.43595,3.522727273,75.65857438,1,4.30249846,0.097784056,0.015025721,0.097784056,0.015025721,247465359,5755008.349,1.77E+14,308571.0909,7.63E+11,0.024064171,2865,30,0.010471204,2,1,1.466666667,0.248888889,1,0.045454545,0.909090909,0.954545455,0.045454545
12J6jjCnLwVRrTAYxsNv7SzRfC3CgCZqtr,2,0.0005208,0.0005208,1,1,18,16,2,9,36,1.5,0.25,7.5,42.25,1,0.0010416,0.0005208,0,0.0005208,0,754472,754472,0,754472,0,0,9,2,0.222222222,1,1,1,0,1,0,0,1,0
12K4sURnpu2UF9Ksm7jYf1VEgGw27unkyU,2,0.28410278,0.28410278,1,1,298,189,109,149,25,2.5,2.25,146.5,12.25,1,0.56820556,0.28410278,0,0.28410278,0,2428859,2428859,0,2428859,0,0,29,2,0.068965517,1,1,1,0,1,0,0,1,0
12KGcifpLL1eVrCUyxBHw7F7Cki2tDXJVv,100,0.62942602,0.71474189,50,51,639,520,119,6.39,60.8179,2.27,7.2171,4.12,56.0656,1.135545509,1.34416791,0.01258852,9.88E-05,0.014014547,0.000198502,111986116,1131172.889,3.70E+13,98658.08,35441023082,0.501661487,1297,57,0.043947571,5,1,1.754385965,1.097568483,1,0.24,0.74,0.74,0.26
12KTVenCbRkahjyDjQHUWxiP9YSizUaa3X,55,0.00421108,0.00421108,28,28,45081,41059,4022,819.6545455,1263583.499,108.4545455,34752.24793,711.2,1378192.996,1,0.00842216,0.000150396,3.17E-08,0.000150396,3.17E-08,91023910,1685627.963,5.66E+12,599132.3571,1.52E+12,0.036168133,1054,41,0.038899431,6,1,1.341463415,0.712671029,1,0.185185185,0.777777778,0.785714286,0.214285714
12Ksk3HRCqSAjoN9xCaY33ptjFwPFG85RQ,3,0.73023402,0.73023402,2,2,13,9,4,4.333333333,1.555555556,2,0.666666667,2.333333333,0.222222222,1,1.46046804,0.36511701,0.006241662,0.36511701,0.006241662,5175503,2587751.5,3.02E+12,2587751.5,3.02E+12,0,60,3,0.05,1,1,1,0,1,0.5,0,1,0
12L4zQYwsUhBwbYpAekDQjTXMt7gE2gAAC,2,0.01130372,0.01130372,1,1,6,5,1,3,0,1,0,2,0,1,0.02260744,0.01130372,0,0.01130372,0,9189,9189,0,9189,0,0,1,2,2,1,1,1,0,1,0,0,1,0
12L5bDUUkEPwCw5gYJ3jyLh7Fm9FjyyK9T,100,5.81636713,5.5932178,53,52,2970,2642,328,29.7,867.81,1.89,3.0979,27.81,855.6339,0.961634243,11.40958493,0.109742776,0.006833073,0.107561881,0.006712394,21610117,218284.0101,1.45E+11,116118.1731,22250342621,1.925887812,251,67,0.266932271,5,1,1.492537313,0.727556249,1,0.26,0.72,0.74,0.26
12LNz1MbcVDg48WZmSq6sUU6mTUuLQZt6B,38,0.04422682,0.04422682,19,19,762,492,270,20.05263158,4227.99723,18.39473684,4234.92313,1.657894737,0.225069252,1,0.08845364,0.002327727,8.20E-06,0.002327727,8.20E-06,207503995,5608216.081,2.81E+14,203011.2105,62798683065,0.052631579,2402,33,0.013738551,2,1,1.151515152,0.12855831,1,0.105263158,0.842105263,0.894736842,0.105263158
12LUab4Mmf8vCMgwanpz3NwDv4ruXmtNba,12,0.07592206,0.07592206,6,6,701,419,282,58.41666667,8115.243056,50.66666667,8577.722222,7.75,166.5208333,1,0.15184412,0.012653677,9.28E-05,0.012653677,9.28E-05,222895949,20263268.09,8.76E+14,360919.3333,2.89E+11,0,2580,10,0.003875969,2,1,1.2,0.16,1,0,0.833333333,1,0
12LZTLuYv82RGUnufwtLJVufsEjY1xdSNy,2,609.5441566,609.5441566,1,1,9,8,1,4.5,0.25,1,0,3.5,0.25,1,1219.088313,609.5441566,0,609.5441566,0,0,0,0,0,0,0,1,1,1,2,2,2,0,2,0,1,0,0
12MXmCThRCbqbD2y3EtsL62TczcLgMdvst,20,0.01264975,0.01264975,10,10,6433,6135,298,321.65,478688.6275,48.8,8320.96,272.85,495671.4275,1,0.0252995,0.001264975,2.62E-06,0.001264975,2.62E-06,179759117,9461006.158,4.19E+14,1164757.5,6.66E+12,0,2081,18,0.008649688,2,1,1.111111111,0.098765432,1,0,0.9,1,0
12MpyEhmY1PJAjaBJNsQeECwQY7RshSymv,6,0.00682666,0.00682666,3,3,155,132,23,25.83333333,1749.805556,22.5,1804.583333,3.333333333,2.888888889,1,0.01365332,0.002275553,2.76E-07,0.002275553,2.76E-07,88839553,17767910.6,9.32E+14,118653,6164712517,0,1029,5,0.004859086,2,1,1.2,0.16,1,0,0.666666667,1,0
12NQWpWD8MN3ukeBNVapB5JaMbpL1LFMHy,2,0.01854208,0.01854208,1,1,7,5,2,3.5,0.25,1.5,0.25,2,0,1,0.03708416,0.01854208,0,0.01854208,0,14506,14506,0,14506,0,0,1,1,1,2,2,2,0,2,0,0,1,0
12P5FcXwtYn1DKnEuycNh53LfybmREGChU,26,0.32177571,0.32177571,13,13,2497,1512,985,96.03846154,18095.4216,92.07692308,18445.84024,3.961538462,105.4985207,1,0.64355142,0.024751978,0.000645274,0.024751978,0.000645274,152327157,6093086.28,1.78E+14,755329.3846,7.95E+11,0.114126191,1764,24,0.013605442,2,1,1.083333333,0.076388889,1,0.153846154,0.769230769,0.846153846,0.153846154
12PFqouzdjYUhe2ih4d2yambnkAcVzHN4b,12,0.00632,0.00632,6,6,13331,12016,1315,1110.916667,1692727.91,118,36223.16667,992.9166667,1885267.91,1,0.01264,0.001053333,2.35E-06,0.001053333,2.35E-06,14304056,1300368.727,2.50E+12,1109320.833,9.40E+11,0.20833763,166,10,0.060240964,2,1,1.2,0.16,1,0.333333333,0.5,0.666666667,0.333333333
12QLieQ31oufM7qKsPuqbyWNDFfCxUTRUa,18,0.01128695,0.01128695,9,9,1042,994,48,57.88888889,2617.098765,12.11111111,392.9876543,45.77777778,2438.950617,1,0.0225739,0.001254106,4.84E-07,0.001254106,4.84E-07,6444805,379106.1765,7.61E+11,58789.22222,3649284496,0,75,12,0.16,3,1,1.5,0.416666667,1,0,0.888888889,1,0
12QX8dawcuzxkN2CvPkDCcCC6ccbsvQZ5R,2,4.75E-05,4.75E-05,1,1,3305,3169,136,1652.5,1818452.25,116.5,13340.25,1536,2143296,1,9.50E-05,4.75E-05,0,4.75E-05,0,53563,53563,0,53563,0,0,1,1,1,2,2,2,0,2,0,0,1,0
12RQ7zSa3dxBb7jGDxBXgGB5eJzi9UUqrb,70,0.0070322,0.00702208,39,38,74986,56118,18868,1071.228571,1182554.405,151.9571429,52285.09816,919.2714286,1401307.741,0.998560906,0.01405428,0.000180313,2.10E-07,0.000184792,2.15E-07,75237489,1090398.391,2.82E+12,339043.9737,86146266458,0.223753514,871,56,0.064293915,5,1,1.25,0.4375,1,0.193548387,0.774193548,0.641025641,0.358974359
12RXR2VuL9fQN4EtApW9sE1aWNhL7R18vN,2,0.00014293,0.00014293,1,1,10,9,1,5,1,3,1,2,0,1,0.00028586,0.00014293,0,0.00014293,0,147976591,147976591,0,147976591,0,0,1713,2,0.001167542,1,1,1,0,1,0,0,1,0
12RnDsZYNgqtMjZWSQfnPZ9GNvsxNb1SMm,2,0.00378114,0.00378114,1,1,16,12,4,8,25,6,25,2,0,1,0.00756228,0.00378114,0,0.00378114,0,10474,10474,0,10474,0,0,1,1,1,2,2,2,0,2,0,0,1,0
12S65YiiJ6RB31B3VAtrPiVPu1hmMJXiCL,10,0.00030142,0.00030142,5,5,10121,9423,698,1012.1,1479897.69,127.5,32207.85,884.6,1663166.04,1,0.00060284,6.03E-05,1.46E-09,6.03E-05,1.46E-09,19683558,2187062,7.00E+12,550880.6,8.90E+11,0,228,8,0.035087719,2,1,1.25,0.1875,1,0,0.8,1,0
12SEbWuryrURY2gqWCDw7pWwU3fk7aQhpA,100,0.01941879,0.01995087,55,57,2913,2166,747,29.13,2591.7931,22.25,2067.6675,6.88,106.0656,1.027400265,0.03936966,0.000353069,1.98E-08,0.000350015,1.94E-08,5025178,50759.37374,1952049755,29503.70909,1192253232,0.130770544,59,52,0.881355932,7,1,1.923076923,1.455621302,2,0.244444444,0.733333333,0.6,0.4
12SFosBYoivEZsWKLFamQemmw65tyd596m,30,0.0708235,0.0708235,15,15,960,576,384,32,1385.866667,21.53333333,1555.115556,10.46666667,176.3822222,1,0.141647,0.004721567,4.34E-05,0.004721567,4.34E-05,94443156,3256660.552,9.04E+13,302696.5333,3.59E+11,0.044050751,1094,26,0.023765996,2,1,1.153846154,0.130177515,1,0.066666667,0.866666667,0.933333333,0.066666667
12SWQPtCZToKu7URNkyhvMFhs3c6STGXwk,20,0.30678328,0.30678328,14,14,295,191,104,14.75,242.8875,8.85,214.4275,5.9,89.69,1,0.61356656,0.021913091,0.000834016,0.021913091,0.000834016,994652,52350.10526,19235400770,74997.14286,25183874019,1.284933772,12,5,0.416666667,12,1,4,17.2,2,0.333333333,0.5,0.285714286,0.714285714
12U2jU1Z4nRkaCH9ec4htA3gECDx1UTq1p,100,0.14137234,0.14718305,51,49,1030,910,120,10.3,1256.19,1.31,2.2139,8.99,1200.6099,1.04110217,0.28855539,0.002772007,3.51E-06,0.003003736,3.01E-06,3797568,38359.27273,1996023200,39966.08333,2829384831,0.684298871,44,38,0.863636364,6,1,2.631578947,1.75900277,2,0.265306122,0.714285714,0.68627451,0.31372549
12UBvNkKNorJZ2uS6yr3SLEC41MiH7edfn,20,0.00030898,0.00030898,10,10,27365,24279,3086,1368.25,1603141.788,196.05,51872.3475,1172.2,2003242.46,1,0.00061796,3.09E-05,1.55E-09,3.09E-05,1.55E-09,49754914,2618679.684,7.76E+12,1462354.2,2.38E+12,0.000995025,576,16,0.027777778,3,1,1.25,0.3125,1,0.2,0.7,0.8,0.2
12UaXNVyfxXGUqYXzM9GUwGWfxpiH7YmvX,6,0.00455631,0.00455631,3,3,179,172,7,29.83333333,547.4722222,6.666666667,86.22222222,23.16666667,281.1388889,1,0.00911262,0.00151877,3.07E-06,0.00151877,3.07E-06,3218068,643613.6,1.59E+12,22709.66667,97474854.22,0.311646661,38,2,0.052631579,4,2,3,1,3,0.333333333,0.333333333,0.666666667,0.333333333
12V7EXwVCnNPFEDcxjbjYCFFjXyEgCZSaU,8,0.0128459,0.0128459,4,4,539,327,212,67.375,28752.48438,65.625,28848.73438,1.75,0.1875,1,0.0256918,0.003211475,3.86E-06,0.003211475,3.86E-06,183857272,26265324.57,4.02E+15,101515.5,13827429439,0,2128,6,0.002819549,2,1,1.333333333,0.222222222,1,0,0.75,1,0
12WNYB17AgFXFxP7tqbY5bSTxNBdk37NV4,2,0.00308713,0.00308713,1,1,11,8,3,5.5,0.25,2.5,0.25,3,0,1,0.00617426,0.00308713,0,0.00308713,0,3089264,3089264,0,3089264,0,0,36,2,0.055555556,1,1,1,0,1,0,0,1,0
12WNuDFKFB227RySee6cZGyNi6MM19ERTf,2,0.00013452,0.00013452,1,1,200,179,21,100,1,1.5,0.25,98.5,0.25,1,0.00026904,0.00013452,0,0.00013452,0,2405011,2405011,0,2405011,0,0,28,2,0.071428571,1,1,1,0,1,0,0,1,0
12WaFwerCw3wAaZxtsNWaN9PpMcYRqfLPP,26,0.00016904,0.00016904,13,13,38234,30326,7908,1470.538462,1310354.402,190,46312.07692,1280.538462,1744534.018,1,0.00033808,1.30E-05,1.55E-11,1.30E-05,1.55E-11,27145456,1085818.24,1.27E+12,857597.0769,3.78E+11,0.057863871,315,18,0.057142857,6,1,1.444444444,1.358024691,1,0.461538462,0.461538462,0.538461538,0.461538462
12XZk5Yt4HFFRQUc9BmSqR1ZeNPvFSFiqm,100,122.8943739,123.6323968,100,99,836,414,422,8.36,106.7304,2.39,75.3779,5.97,41.3891,1.006005343,246.5267707,1.228943739,0.74423807,1.248812089,0.724925665,2487371,25124.9596,6719967145,40391.22917,11793587425,686.3630762,29,16,0.551724138,16,1,6.25,16.1875,7,0.913043478,0.076086957,0.875,0.125
12Xxs55x5wThbu58kmEh21j4FSqZHc2Rg7,100,3.07610949,3.07613597,92,93,999,749,250,9.99,425.1099,1.59,1.3019,8.4,421.24,1.000008608,6.15224546,0.033435973,0.004516268,0.033076731,0.004479579,13007584,131389.7374,1.58E+11,94353.68817,39566354186,327.7492502,151,32,0.21192053,10,1,3.125,3.609375,3,0.561403509,0.421052632,0.581395349,0.418604651
12aJYeNJbR7za6YQ71Jrf7XHrhaPKSC3jY,2,0.10269209,0.10269209,1,1,6,5,1,3,0,1,0,2,0,1,0.20538418,0.10269209,0,0.10269209,0,1928,1928,0,1928,0,0,1,1,1,2,2,2,0,2,0,0,1,0
12abePGhQTr2xF1JKAUmWzgSzgwmp5iTAc,10,0.07987751,0.07987751,5,5,68,53,15,6.8,22.16,1.2,0.16,5.6,23.84,1,0.15975502,0.015975502,0.000284195,0.015975502,0.000284195,12450548,1383394.222,7.46E+12,3028141.5,1.19E+13,1.585912978,145,5,0.034482759,2,2,2,0,2,0,0.8,0.8,0.2
12bFgYx4ztEpgD2VnJXE8gzR8XFxoig2kn,6,0.11014826,0.11014826,3,3,230,204,26,38.33333333,4615.888889,33.16666667,4797.805556,5.166666667,23.80555556,1,0.22029652,0.036716087,3.38E-05,0.036716087,3.38E-05,18691511,3738302.2,3.94E+13,85367.66667,3142097430,0,217,5,0.023041475,2,1,1.2,0.16,1,0,0.666666667,1,0
12c53KyEdzr3ryGsw9aLPSEZAfSSHgg1N5,2,0.00020301,0.00020301,1,1,8,5,3,4,1,2,1,2,0,1,0.00040602,0.00020301,0,0.00020301,0,3875065,3875065,0,3875065,0,0,45,2,0.044444444,1,1,1,0,1,0,0,1,0
12dG2ctcCMEuGbpdhMQWtyBbbupQaDRLDc,34,0.37421716,0.37421716,20,20,2537,1049,1488,74.61764706,11869.00087,65.55882353,11705.8936,9.058823529,1080.643599,1,0.74843432,0.018710858,0.000149397,0.018710858,0.000149397,192672554,5838562.242,4.09E+14,797509.95,1.59E+11,0.258500394,2231,27,0.012102196,3,1,1.259259259,0.26611797,1,0.285714286,0.642857143,0.5,0.5
12dpDHD16s41HhDwaWQucgExqrimb7y861,83,0.01364822,0.0135024,42,41,8607,7600,1007,103.6987952,13342.0659,35.72289157,5661.525621,67.97590361,11330.86689,0.989315823,0.02715062,0.000324958,1.74E-07,0.000329327,1.78E-07,92665261,1130064.159,5.45E+12,374840.8537,4.52E+11,0.294857782,1073,54,0.050326188,6,1,1.537037037,0.730109739,1,0.12195122,0.853658537,0.857142857,0.142857143
12f2cCrMR2HMhFVpLZK6srbEYfWrSAWUyg,100,0.40100295,0.40015032,51,49,4656,3215,1441,46.56,5516.9664,25.72,5467.1616,20.84,379.3744,0.997873756,0.80115327,0.007862803,7.38E-05,0.008166333,7.44E-05,39218589,396147.3636,5.03E+11,96124.81633,95349656306,0.204475521,454,73,0.160792952,4,1,1.369863014,0.342653406,1,0.06122449,0.918367347,0.901960784,0.098039216
12f7aw2x5qyrBb5j6YNT4HcjhLTep7XCh8,2,0.00403141,0.00403141,1,1,6,5,1,3,0,1,0,2,0,1,0.00806282,0.00403141,0,0.00403141,0,10179,10179,0,10179,0,0,1,2,2,1,1,1,0,1,0,0,1,0
12fKrfrfQ4ey1zTSrXE3EWV4GpX8juNvnJ,38,0.27721707,0.27721707,19,19,822,656,166,21.63157895,1273.443213,17.44736842,1230.036704,4.184210526,48.09764543,1,0.55443414,0.014590372,0.000112876,0.014590372,0.000112876,98054120,2650111.351,5.66E+13,88255.57895,11824107728,0.036023585,1135,32,0.028193833,2,1,1.1875,0.15234375,1,0.052631579,0.894736842,0.947368421,0.052631579
12fTUbH11JZTERKB8Q7CNhXLKjzrr3t9VG,2,0.00552,0.00552,1,1,43,38,5,21.5,342.25,2.5,2.25,19,289,1,0.01104,0.00552,0,0.00552,0,368,368,0,368,0,0,1,1,1,2,2,2,0,2,0,0,1,0
12fqKkUAjAefLYmx3oxhsQNgLFnqEMYtUf,82,0.00721713,0.00703085,49,44,106317,67317,39000,1296.54878,1643425.004,62.97560976,18058.48721,1233.573171,1773960.537,0.974189186,0.01424798,0.000147288,1.49E-07,0.000159792,1.64E-07,57858608,714303.8025,1.85E+12,205142.5909,66446627652,0.206362707,670,67,0.1,3,1,1.223880597,0.233459568,1,0.181818182,0.818181818,0.551020408,0.428571429
12gY1qkM8gHAhaEC68r9yUWinPhv9TeSHm,100,0.61684859,0.71193574,51,52,2107,1755,352,21.07,377.5851,2.95,12.2275,18.12,400.0256,1.154149902,1.32878433,0.01209507,0.000178983,0.013691072,0.000305449,96529434,975044.7879,1.01E+13,117959.2353,18632361225,0.708850344,1118,74,0.066189624,3,1,1.351351351,0.254930606,1,0.156862745,0.823529412,0.857142857,0.142857143
12goimKQG6dnTx1PCGggD4gcYRax6Nkd8f,34,2.14873871,2.14873871,18,18,440,380,60,12.94117647,416.6435986,1.617647059,0.765570934,11.32352941,427.4541522,1,4.29747742,0.119374373,0.007900401,0.119374373,0.007900401,65670840,1990025.455,8.18E+13,353380.0556,4.75E+11,0.698079265,761,22,0.02890933,4,1,1.545454545,0.702479339,1,0.375,0.5625,0.555555556,0.444444444
12haYQRFF8X7hF1sHXVWDSRnYdLggEfNPJ,2,0.0140111,0.0140111,1,1,18,9,9,9,1,8,1,1,0,1,0.0280222,0.0140111,0,0.0140111,0,4971,4971,0,4971,0,0,1,1,1,2,2,2,0,2,0,0,1,0
12iqvMgwWohx6PfbzWksuq4vEibnfgHcTN,4,0.011133,0.011133,2,2,12,9,3,3,0,1.25,0.1875,1.75,0.1875,1,0.022266,0.0055665,1.13E-05,0.0055665,1.13E-05,278846,92948.66667,4159153176,212008.5,4154640392,0.376372395,4,3,0.75,2,1,1.333333333,0.222222222,1,0.5,0,0.5,0.5
12jNzGKPvSfbYJWYWpNKfpuwsLJe8z4dTR,100,0.14814712,0.1444433,56,52,3638,1965,1673,36.38,5355.5556,22.89,5318.3979,13.49,324.1099,0.974999041,0.29259042,0.002645484,3.69E-05,0.002777756,3.95E-05,17758811,179381.9293,36134611813,234452.3654,51388161118,0.693880263,206,72,0.349514563,4,1,1.388888889,0.487654321,1,0.227272727,0.772727273,0.607142857,0.375
12kLCGsD3XJeXSYxYDPhA9VcJ2mx2vgXQ5,2,0.03974685,0.03974685,1,1,25,24,1,12.5,90.25,1,0,11.5,90.25,1,0.0794937,0.03974685,0,0.03974685,0,42466,42466,0,42466,0,0,1,1,1,2,2,2,0,2,0,0,1,0
12mW5SCSEU3HY3nVwzRL2WsMyys4ANzFTP,100,0.00119582,0.00138387,50,68,124019,68950,55069,1240.19,1287672.354,120.07,35938.3651,1120.12,1513718.286,1.157256109,0.00257969,2.39E-05,6.21E-10,2.04E-05,4.92E-10,23025917,232585.0202,2.52E+11,118811.9804,15162466016,0.21463894,267,67,0.25093633,8,1,1.492537313,1.11561595,1,0.34,0.64,0.64,0.36
12nhEfs6p2KPH1SG7uzANMMuQCfmbrdTPE,25,0.31829822,0.31829822,13,13,736,709,27,29.44,1278.0864,2.96,22.7584,26.48,1246.3296,1,0.63659644,0.024484478,0.001583368,0.024484478,0.001583368,216364153,9015173.042,1.57E+15,34887.76923,833689851.4,0.023208013,2505,11,0.004391218,9,1,2.272727273,5.289256198,1,0.25,0.666666667,0.692307692,0.307692308
12pnHpfXjXkvioiP4vPrYukqDmNDZwQZ1x,6,0.00080151,0.00080151,3,3,384,364,20,64,3588,16.66666667,465.5555556,47.33333333,4481.888889,1,0.00160302,0.00026717,3.27E-08,0.00026717,3.27E-08,166594846,33318969.2,4.38E+15,239877,13410912515,0,1929,5,0.002592017,2,1,1.2,0.16,1,0,0.666666667,1,0
12qZ1GVPbQYahex9Dx76HqBpfmQgdtDm8w,2,0.43857835,0.43857835,1,1,10,9,1,5,0,1,0,4,0,1,0.8771567,0.43857835,0,0.43857835,0,2181,2181,0,2181,0,0,1,1,1,2,2,2,0,2,0,0,1,0
12qiG4xb4C7FzVggQDqNDGMAgjEeyFnS6u,2,0.24039827,0.24039827,1,1,6,5,1,3,0,1,0,2,0,1,0.48079654,0.24039827,0,0.24039827,0,5943,5943,0,5943,0,0,1,1,1,2,2,2,0,2,0,0,1,0
12qm431U1P6dTjNnpeiVNU6hHhfNpCBR5C,8,0.23933245,0.23933245,4,4,131,83,48,16.375,136.484375,13.375,154.234375,3,7,1,0.4786649,0.059833113,0.004566279,0.059833113,0.004566279,4159339,594191.2857,1.29E+12,1337988.25,2.72E+12,2.221326033,49,4,0.081632653,5,1,2,3,1,0.75,0,0.25,0.75
12r3DeeYzj5wyhePfnFXwfcSutSP2bCwnh,100,1.90837911,1.90837911,52,52,1026,727,299,10.26,294.2924,6.88,242.8256,3.38,61.8956,1,3.81675822,0.036699598,0.003493305,0.036699598,0.003493305,72059462,727873.3535,6.65E+12,70405.65385,28827241799,96.69962948,835,58,0.069461078,6,1,1.724137931,0.820451843,2,0.083333333,0.895833333,0.846153846,0.153846154
12rVbnk9AxfjivDrHhTGyz443s73CBR1sj,100,0.20289197,0.20616128,50,50,8445,7454,991,84.45,12840.1875,34.26,10904.6324,50.19,3443.9739,1.01611355,0.40905325,0.004057839,9.85E-05,0.004123226,9.82E-05,65095318,657528.4646,1.60E+12,155227.5102,1.61E+11,0.070685121,754,67,0.088859416,4,1,1.492537313,0.39919804,1,0.12,0.86,0.86,0.14
12riPhVMSUPRbEpsgzTeFzs5q6ttRNtdXC,2,0.04785106,0.04785106,1,1,7,6,1,3.5,0.25,2,1,1.5,0.25,1,0.09570212,0.04785106,0,0.04785106,0,73303,73303,0,73303,0,0,1,2,2,1,1,1,0,1,0,0,1,0
12rqruPmBNXJXjiuuLUKCzbrsvKUax25DF,16,0.37573725,0.37573725,8,8,400,321,79,25,1992.875,22.3125,2050.214844,2.6875,12.71484375,1,0.7514745,0.046967156,0.001610456,0.046967156,0.001610456,160995474,10733031.6,1.24E+15,337508.375,2.02E+11,2.415838487,1864,11,0.005901288,4,1,1.454545455,0.79338843,1,0.5,0.375,0.5,0.5
12s1nv624Lx42XvkeRQAq9irZ51DLWGUEa,47,0.00044354,0.00044354,24,24,72029,56161,15868,1532.531915,1530659.355,156.3829787,43430.40652,1376.148936,1909896.808,1,0.00088708,1.85E-05,2.42E-10,1.85E-05,2.42E-10,53356033,1159913.761,5.47E+12,862702.0417,9.78E+11,0.208333333,618,34,0.055016181,4,1,1.382352941,0.589100346,1,0.347826087,0.608695652,0.625,0.375
12sSGV63uqN3cGHFaLGhjm68Fq7xpGrK6C,2,0.01001303,0.01001303,1,1,10,8,2,5,1,3,1,2,0,1,0.02002606,0.01001303,0,0.01001303,0,3287,3287,0,3287,0,0,1,1,1,2,2,2,0,2,0,0,1,0
12uFLs5uTuE3E2me7Zrisy7vsr4QUtDXd2,2,0.00150827,0.00150827,1,1,6,5,1,3,0,1,0,2,0,1,0.00301654,0.00150827,0,0.00150827,0,80407,80407,0,80407,0,0,1,2,2,1,1,1,0,1,0,0,1,0
12uMbgGMWZtHwtu1pfqthBEuXTFw8tcEyz,2,6.46433886,6.46433886,1,1,137,136,1,68.5,4160.25,1.5,0.25,67,4096,1,12.92867772,6.46433886,0,6.46433886,0,18218,18218,0,18218,0,0,1,1,1,2,2,2,0,2,0,0,1,0
12wZ3JGLnJ88QW6D6Mn1N7YWMdhrDo1Kxt,2,0.018847,0.018847,1,1,164,154,10,82,6084,3,1,79,5929,1,0.037694,0.018847,0,0.018847,0,1041781,1041781,0,1041781,0,0,13,2,0.153846154,1,1,1,0,1,0,0,1,0
12wdPzRaeBCqM9at222kxJWi9JDTuJxcRN,7,0.00098203,0.00068185,4,3,1162,1127,35,166,10582.57143,39.14285714,6324.408163,126.8571429,9118.693878,0.694327057,0.00166388,0.000245508,1.72E-08,0.000227283,2.16E-08,50630000,8438333.333,7.81E+13,358249.3333,1.63E+11,0,586,7,0.011945392,1,1,1,0,1,0,1,0.75,0
12x1y9xPz7Vvv4QyfmfG9htUADyMvUVjD6,100,0.09798678,0.09809506,53,54,2625,2366,259,26.25,309.9875,4.12,22.5856,22.13,296.9331,1.001105047,0.19608184,0.001848807,1.82E-06,0.001816575,1.84E-06,12708142,128365.0707,1.60E+11,64508.09434,5079685840,0.51516353,148,60,0.405405405,6,1,1.666666667,0.855555556,1,0.224489796,0.755102041,0.725490196,0.274509804
12xhHqq1uem4FUxhHuCELnPBFxmBqL9Qzs,2,0.1306757,0.1306757,1,1,154,143,11,77,5476,2,1,75,5329,1,0.2613514,0.1306757,0,0.1306757,0,97910,97910,0,97910,0,0,2,2,1,1,1,1,0,1,0,0,1,0
12yL22eEWeHKbnCXuq7iCtN4bvYPMyB7Dy,100,9.62514066,9.62514066,52,52,2260,2019,241,22.6,975.22,2.34,6.9844,20.26,1010.7324,1,19.25028132,0.185098859,0.076453379,0.185098859,0.076453379,23532201,237699,4.19E+11,144323.6154,66681267682,1.422197654,273,56,0.205128205,5,1,1.785714286,1.025510204,1,0.416666667,0.5625,0.538461538,0.461538462
12yhFgFGZfB8i79HCJEZNJzSH9nVxecaXJ,2,0.0008732,0.0008732,1,1,79,78,1,39.5,210.25,12.5,132.25,27,676,1,0.0017464,0.0008732,0,0.0008732,0,8357,8357,0,8357,0,0,1,1,1,2,2,2,0,2,0,0,1,0
12z6FviNQEjsdcy4H3prXZjSXuituG3Zrp,56,0.00145508,0.00140416,30,27,15209,12807,2402,271.5892857,23461.4206,134.9464286,37208.15784,136.6428571,18949.58673,0.965005361,0.00285924,4.85E-05,5.19E-09,5.20E-05,5.64E-09,80580890,1465107.091,3.16E+12,1317181.519,2.50E+12,1.5542976,933,48,0.051446945,2,1,1.166666667,0.138888889,1,0.307692308,0.692307692,0.6,0.366666667
12z95VeAbYYcvNyijQ2V9jKDeRsjuoQ3E4,6,0.00183483,0.00183483,3,3,1477,1172,305,246.1666667,14242.80556,120.5,28457.58333,125.6666667,15458.88889,1,0.00366966,0.00061161,1.50E-07,0.00061161,1.50E-07,152477931,30495586.2,1.47E+15,667524.3333,2.03E+11,0,1765,5,0.002832861,2,1,1.2,0.16,1,0,0.666666667,1,0
12zXLzARdVFXiAuPkfmEBhGLFcmzbMQYym,17,0.00057692,0.00057692,9,9,1068,949,119,62.82352941,9367.67474,52.58823529,7648.477509,10.23529412,296.0622837,1,0.00115384,6.41E-05,9.15E-10,6.41E-05,9.15E-10,12651212,790700.75,2.23E+12,693133.3333,1.77E+12,0.074046447,147,9,0.06122449,5,1,1.888888889,2.098765432,1,0.125,0.75,0.777777778,0.222222222
12zihSySoLAuAg8HpwM6CEz2UYJtaembxt,10,0.0133815,0.0133815,5,5,183,156,27,18.3,1545.01,16.4,1545.44,1.9,0.69,1,0.026763,0.0026763,2.24E-06,0.0026763,2.24E-06,103015618,11446179.78,4.15E+14,438117.4,7.19E+11,0,1193,6,0.005029338,2,1,1.666666667,0.222222222,2,0,0.8,1,0
131zv1yvFxAVLYZfyxhXodQbp9tXNijG23,2,0.01975161,0.01975161,1,1,10,9,1,5,4,3.5,6.25,1.5,0.25,1,0.03950322,0.01975161,0,0.01975161,0,23908,23908,0,23908,0,0,1,1,1,2,2,2,0,2,0,0,1,0
1339yvYTAX25oWvFuf9XSXwZWTf27ZuGey,2,0.00029666,0.00029666,1,1,8,7,1,4,1,1.5,0.25,2.5,2.25,1,0.00059332,0.00029666,0,0.00029666,0,19922,19922,0,19922,0,0,1,1,1,2,2,2,0,2,0,0,1,0
133RBMyt9rmN3xXUM9aqP2VNmhfzGU9x5B,34,0.00036487,0.00032189,19,15,36795,29239,7556,1082.205882,1264535.399,95.64705882,32217.0519,986.5588235,1415186.305,0.882204621,0.00068676,1.92E-05,3.81E-10,2.15E-05,4.59E-10,55765626,1689867.455,3.99E+12,654274.2667,4.08E+11,0.002980535,646,29,0.044891641,3,1,1.172413793,0.211652794,1,0.133333333,0.866666667,0.684210526,0.263157895
133U8CmUb7dHbs2ZdiRQbqjYoG7H3Mqhom,14,5.95036573,5.95036573,7,7,15975,14878,1097,1141.071429,1769339.638,1,0,1140.071429,1769339.638,1,11.90073146,0.850052247,0.020220139,0.850052247,0.020220139,2358999,181461.4615,19718194059,65773.42857,3780097635,0,28,12,0.428571429,2,1,1.166666667,0.138888889,1,0,0.857142857,1,0
134JSL9GujrWv4xgxjDoZ1ARMRDvwVHe7R,100,221.7667497,226.9454929,51,52,429,303,126,4.29,5.2459,1.98,5.0996,2.31,1.0939,1.023352208,448.7122426,4.348367641,222.8793781,4.364336402,218.6062413,22379989,226060.4949,2.47E+11,7224.54902,185901278.5,9.458263442,260,38,0.146153846,6,1,2.631578947,1.232686981,2,0.24,0.74,0.74,0.26
134LCU3bp1nwZHijm6M62pEtNtH2wXvGAd,2,0.0146508,0.0146508,1,1,12,9,3,6,0,3,0,3,0,1,0.0293016,0.0146508,0,0.0146508,0,3000060,3000060,0,3000060,0,0,35,2,0.057142857,1,1,1,0,1,0,0,1,0
134xq5NpRQmaeBdkBmGRB3JZRYd9jHfbX5,6,5.18E-05,5.18E-05,3,3,5135,4853,282,855.8333333,1141527.472,55.16666667,7253.138889,800.6666667,1214861.889,1,0.00010366,1.73E-05,1.06E-10,1.73E-05,1.06E-10,2807055,561411,6.08E+11,208889.3333,21377846522,0,33,5,0.151515152,2,1,1.2,0.16,1,0,0.666666667,1,0
137ECojc9PjZLs9p7CZ8MumEGKgWf4Wyy4,52,0.02273218,0.02273218,27,27,3708,3130,578,71.30769231,5666.366864,17.82692308,4590.143121,53.48076923,2377.172707,1,0.04546436,0.000841933,2.31E-06,0.000841933,2.31E-06,37385937,733057.5882,4.54E+12,181224.2593,5.43E+11,0.211566254,433,28,0.064665127,3,1,1.857142857,0.408163265,2,0.12,0.84,0.814814815,0.185185185
138Db94vcd5fXGk2z6cdfk7332vHg4asbf,94,0.00673671,0.00665508,53,47,25509,20171,5338,271.3723404,265127.8933,80.56382979,23447.16082,190.8085106,271339.1548,0.987882809,0.01339179,0.000127108,2.73E-08,0.000141597,2.89E-08,197994937,2128977.817,2.20E+13,731107,8.87E+11,0.176626002,2292,76,0.033158813,9,1,1.236842105,0.917590028,1,0.268292683,0.731707317,0.566037736,0.41509434
138Foce5ZvtkMfKe5eHX8bDDgAYxWugcnH,23,0.07464297,0.07464297,12,12,1714,1111,603,74.52173913,20061.55388,72.69565217,20138.90737,1.826086957,3.274102079,1,0.14928594,0.006220248,4.02E-05,0.006220248,4.02E-05,175134498,7960659,9.49E+14,227067.75,79529835229,0.337722233,2028,21,0.01035503,2,1,1.095238095,0.0861678,1,0.090909091,0.818181818,0.833333333,0.166666667
139D7MLi8hNdYbwNR7TA5X153LhYQvXUAp,4,0.00015156,0.00015156,2,2,265,253,12,66.25,1843.1875,26.25,1320.6875,40,1941.5,1,0.00030312,7.58E-05,5.87E-10,7.58E-05,5.87E-10,9283871,3094623.667,1.51E+13,352721.5,93699964920,0,108,3,0.027777778,2,1,1.333333333,0.222222222,1,0,0.5,1,0
13AvkidtAu3WFYNKrPUsTHKzfgqxGnnvzg,2,7.00E-05,7.00E-05,1,1,5,3,2,2.5,0.25,1,0,1.5,0.25,1,0.00014,7.00E-05,0,7.00E-05,0,1131,1131,0,1131,0,0,1,1,1,2,2,2,0,2,0,0,1,0
13BbfErSTzaVrXBSjb3g6dMse4ZospLndi,2,0.0087029,0.0087029,1,1,6,5,1,3,0,1,0,2,0,1,0.0174058,0.0087029,0,0.0087029,0,20275,20275,0,20275,0,0,1,2,2,1,1,1,0,1,0,0,1,0
13CRHczNGLQBvWyW73DiwBkaBd9AfgqFyo,100,0.34578442,0.34864087,51,53,3523,3270,253,35.23,5373.0971,6.24,111.5824,28.99,4548.6699,1.008260783,0.69442529,0.006780087,2.78E-05,0.00657813,2.79E-05,1371659,13855.14141,338459944.1,9554.807692,72503753.16,0.361412758,16,16,1,9,2,6.25,5.6875,6.5,0.306122449,0.673469388,0.647058824,0.352941176
13CsFvLf8ULxgwoTFz1Tsqf7hVSHpnfd1Y,11,0.00016198,0.00016198,6,6,13875,11320,2555,1261.363636,1332988.413,93.36363636,23693.1405,1168,1515013.455,1,0.00032396,2.70E-05,2.27E-11,2.70E-05,2.27E-11,11391148,1139114.8,3.37E+12,147955.1667,9819338117,0.077018634,132,9,0.068181818,2,1,1.222222222,0.172839506,1,0.2,0.6,0.666666667,0.333333333
13Dpuxa8GKw5usjfuds6GpEnyXve5681DX,100,0.9208801,0.9280801,50,51,2708,2418,290,27.08,990.0336,1.56,0.8064,25.52,1002.2896,1.007818607,1.8489602,0.018417602,0.000268997,0.018197649,0.000266141,28048461,283317.7879,2.42E+11,281419.98,1.35E+11,0.280562927,325,74,0.227692308,5,1,1.351351351,0.525200877,1,0.34,0.64,0.64,0.36
13EjDRd7RGfZkRnPS3yPKrEebtENhbZtzj,100,24.21372797,25.53276083,99,211,2444,1583,861,24.44,454.7864,22.8,480.74,1.64,0.6704,1.054474588,49.7464888,0.244583111,0.073714794,0.121008345,0.053448859,1806673,18249.22222,8839032742,49989.37619,3165331107,10.42034469,21,9,0.428571429,51,1,11.11111111,217.2098765,9,0.735294118,0.235294118,0.121212121,0.878787879
13FMN925Ww5TCpZDsxdythQ8ugWdVT8KDN,100,6.23087,6.23087,50,50,9021,7555,1466,90.21,89451.1459,2.74,10.3724,87.47,89390.6691,1,12.46174,0.1246174,0.060588596,0.1246174,0.060588596,21092602,213056.5859,3.45E+11,20020.6,13691889350,0,245,45,0.183673469,4,1,2.222222222,0.572839506,2,0,0.98,1,0
13G2Knduz16D5HHkQsNGgFRTGAqr7QpbrC,8,0.10006684,0.10006684,4,4,183,155,28,22.875,1417.609375,20.875,1417.609375,2,0,1,0.20013368,0.02501671,0.000202863,0.02501671,0.000202863,179334284,25619183.43,1.41E+15,302873,34334166513,0,2076,8,0.003853565,1,1,1,0,1,0,0.75,1,0
13GND5UvRbtxXW4pViWMxd5QJpoqUEYqF7,4,0.00023867,0.00023867,2,2,117,112,5,29.25,701.1875,8,42.5,21.25,516.6875,1,0.00047734,0.000119335,4.69E-10,0.000119335,4.69E-10,163416,54472,4368102093,7801,17606416,0,2,3,1.5,2,1,1.333333333,0.222222222,1,0,0.5,1,0
13GSqUS8ULyUUYFv92p9ocjkT2MtSiiz1m,6,7.26E-05,7.26E-05,3,3,7464,6737,727,1244,1239169.333,83,7960.333333,1161,1415944.667,1,0.00014522,2.42E-05,1.18E-10,2.42E-05,1.18E-10,3979961,795992.2,6.82E+11,251282.6667,96659220162,0,47,4,0.085106383,2,1,1.5,0.25,1.5,0,0.666666667,1,0
13H5HK8V1n1j6rRcEi5KhacBRZr9XyJUyT,11,0.00064514,0.00061444,6,5,6268,5967,301,569.8181818,850566.6942,76.81818182,6151.603306,493,907634.5455,0.95241343,0.00125958,0.000107523,6.40E-09,0.000122888,6.26E-09,27693814,2769381.4,2.00E+13,86659.8,16563643098,0,321,9,0.028037383,2,1,1.222222222,0.172839506,1,0,1,0.833333333,0
13HJ5HxbUL8y39PJaNiHSsSucffnUhUSSM,47,0.05789115,0.05789115,25,25,2975,2515,460,63.29787234,8689.953825,29.78723404,9347.656858,33.5106383,1150.16478,1,0.1157823,0.002315646,1.21E-06,0.002315646,1.21E-06,21437454,466031.6087,1.04E+12,165843.64,57771989445,0.212133687,249,22,0.088353414,6,1,2.136363636,2.026859504,2,0.409090909,0.545454545,0.52,0.48
13Hwe5TBYyspawzMEqM9feEiX2nyZHyLg3,20,1.50900081,1.50900081,10,10,74,40,34,3.7,3.01,1.75,2.9875,1.95,0.0475,1,3.01800162,0.150900081,0.004232447,0.150900081,0.004232447,218689204,11509958.11,1.92E+15,39472.4,10153768507,0,2532,11,0.004344392,2,1,1.818181818,0.148760331,2,0,0.9,1,0
13JeFFaFQWgTE6WnaM4yLYJhdt1XDokiUn,46,0.17630481,0.17630481,27,27,502,355,147,10.91304348,91.68809074,2.173913043,2.534971645,8.739130435,74.6710775,1,0.35260962,0.006529808,1.71E-05,0.006529808,1.71E-05,91698551,2037745.578,1.26E+13,348884.8889,3.06E+12,0.458347446,1062,18,0.016949153,7,1,2.555555556,2.135802469,2,0.047619048,0.904761905,0.8,0.2
13Jzgt4RVedu8zbEA7PeLRQtEMZfy1ty4C,20,0.0022514,0.00205123,11,9,3375,2761,614,168.75,56447.5875,21.85,1470.2275,146.9,60733.89,0.911090877,0.00430263,0.000204673,1.43E-08,0.000227914,1.44E-08,51366199,2703484.158,1.44E+13,497187.2222,1.41E+12,0,595,19,0.031932773,2,1,1.052631579,0.049861496,1,0,1,0.818181818,0.090909091
13KF3DSgpJS9ntbvjtmRQwupbSZsoUFJup,60,1.30527074,1.30525369,31,30,1720,1062,658,28.66666667,4330.222222,16.88333333,4036.136389,11.78333333,544.2697222,0.999986938,2.61052443,0.042105508,0.00905573,0.043508456,0.009296572,290339821,4921013.915,2.44E+14,216624.4667,1.95E+11,0.132357484,3361,44,0.013091342,4,1,1.363636364,0.367768595,1,0.068965517,0.896551724,0.870967742,0.129032258
13KfybAq2bjVc1KRWP2XqnkiGUHfHzZmg1,2,0.01825356,0.01825356,1,1,73,72,1,36.5,1122.25,1.5,0.25,35,1156,1,0.03650712,0.01825356,0,0.01825356,0,277848,277848,0,277848,0,0,4,2,0.5,1,1,1,0,1,0,0,1,0
13MJzJLpEHqGrnaVy1G86PsSL85N1szFPd,4,0.00860485,0.00860485,2,2,16,10,6,4,1,2,1,2,0,1,0.0172097,0.004302425,9.05E-07,0.004302425,9.05E-07,23968085,7989361.667,1.24E+14,99711.5,9288429752,0,278,3,0.010791367,2,1,1.333333333,0.222222222,1,0,0.5,1,0
13Mt2XgV1G53L1jWNRiv1txcJKvK6wozLr,6,0.00015881,0.00015881,3,3,4007,3961,46,667.8333333,384031.1389,57.16666667,10106.80556,610.6666667,440670.2222,1,0.00031762,5.29E-05,1.23E-11,5.29E-05,1.23E-11,12992820,2598564,8.95E+12,346340,1.85E+11,0,151,4,0.026490066,2,1,1.5,0.25,1.5,0,0.666666667,1,0
13N6nt539s8PrV9x3SjaocSNssBn9tSehZ,4,0.0008374,0.0008374,2,2,12,9,3,3,0,1.25,0.1875,1.75,0.1875,1,0.0016748,0.0004187,5.05E-09,0.0004187,5.05E-09,48633802,16211267.33,5.02E+14,363633,58451282289,0,563,4,0.007104796,1,1,1,0,1,0,0.5,1,0
13NYzfrpV9KTbiY3LNTD2sorxeYKPDw8Z2,15,0.0014678,0.0014678,8,8,5097,3901,1196,339.8,103550.96,172.6,51145.44,167.2,109157.6267,1,0.0029356,0.000183475,9.14E-09,0.000183475,9.14E-09,145483831,10391702.21,8.81E+14,3092289.625,7.61E+12,0.686724024,1684,14,0.008313539,2,1,1.071428571,0.066326531,1,0.142857143,0.714285714,0.75,0.25
13Nm4KGkAQjCp2WxM7iVN3fbVhubBdL3Yo,100,0.19401057,0.19551,66,67,2382,2084,298,23.82,775.9076,2.3,3.35,21.52,812.0296,1.0077286,0.38952057,0.002939554,4.34E-06,0.00291806,4.31E-06,20199804,204038.4242,68469542839,156385.6667,21105833862,0.436326198,234,79,0.337606838,5,1,1.265822785,0.423009133,1,0.117647059,0.852941176,0.439393939,0.560606061
13NwKjiGaaAKA9Ea5uw6ZPU4LB4NRckCby,7,0.04024884,0.04024884,4,4,120,86,34,17.14285714,187.5510204,10,121.4285714,7.142857143,158.6938776,1,0.08049768,0.01006221,4.51E-05,0.01006221,4.51E-05,119772,19962,477313148.7,89876,394869512.5,1.527558402,2,2,1,4,3,3.5,0.25,3.5,0.666666667,0,0.25,0.75
13PGj6Cz4dXJvnzccpetYHmdEL3rMdWBRg,100,71.94110668,74.35945712,50,51,2972,1398,1574,29.72,3355.8616,28.17,3355.1211,1.55,0.2475,1.033615697,146.3005638,1.438822134,3.945778676,1.458028571,3.886854829,190902029,1928303.323,7.52E+13,283262.8,6.54E+11,0.083576922,2210,73,0.033031674,4,1,1.369863014,0.370050666,1,0.08,0.9,0.9,0.1
13PHJw1daxD95PHyNPJa4b47DQKm4GnHJ1,100,18.92671252,19.31255894,100,101,6365,5012,1353,63.65,308.8075,1.09,0.1019,62.56,313.1864,1.020386341,38.23927146,0.189267125,0.012307933,0.191213455,0.012316595,2138691,21602.93939,1140538693,22577.15152,1142386764,3.097747448,25,26,1.04,6,1,3.846153846,1.822485207,4,0.947916667,0.041666667,1,0
13QZ19GtDSpw22YZ4CEYxtwWcsBULYvpQW,100,0.06666452,0.06862637,51,55,30062,23121,6941,300.62,166880.0356,66.61,16238.1179,234.01,181035.4499,1.029428698,0.13529089,0.001307147,9.65E-06,0.001247752,9.01E-06,149018515,1505237.525,1.43E+13,809165.1961,1.43E+12,0.200427884,1725,80,0.046376812,5,1,1.25,0.4625,1,0.204081633,0.775510204,0.745098039,0.254901961
13RYm1SGtHEkp18eheJ33LQmabw2WwSgXT,14,0.00141233,0.00141233,7,7,579,564,15,41.35714286,1649.372449,8.428571429,163.6734694,32.92857143,1819.352041,1,0.00282466,0.000201761,2.12E-08,0.000201761,2.12E-08,98027599,7540584.538,2.85E+14,108296.4286,24681717624,0,1135,11,0.00969163,2,1,1.272727273,0.198347107,1,0,0.857142857,1,0
13Rofno97ZLcpB5DtiNmQK1CRpcW9U9g1U,2,0.00015147,0.00015147,1,1,7,6,1,3.5,0.25,1.5,0.25,2,0,1,0.00030294,0.00015147,0,0.00015147,0,4929671,4929671,0,4929671,0,0,58,2,0.034482759,1,1,1,0,1,0,0,1,0
13SK8Y4Fr1cUj75ySidesyA6Air1tGtbbU,6,0.0076487,0.0076487,3,3,102,81,21,17,653.3333333,3.5,26.58333333,13.5,423.25,1,0.0152974,0.002549567,2.98E-07,0.002549567,2.98E-07,72632691,14526538.2,8.35E+14,93281.66667,9137161140,0,841,4,0.004756243,3,1,1.5,0.75,1,0,0.666666667,1,0
13TYHRbvC34ussJfX1tLeeKNLbVn2y4WEA,2,2.08E-05,2.08E-05,1,1,498,474,24,249,3025,117,13225,132,3600,1,4.16E-05,2.08E-05,0,2.08E-05,0,96935,96935,0,96935,0,0,2,2,1,1,1,1,0,1,0,0,1,0
13Tr3PFYBqieC7uhVEsmraJpZ4m882t3Xa,46,1.09693086,1.09693086,23,23,2778,1510,1268,60.39130435,10260.10775,50.7826087,10785.69187,9.608695652,247.8034026,1,2.19386172,0.047692646,0.004782085,0.047692646,0.004782085,155376553,3452812.289,1.11E+14,652962.2174,6.08E+11,0.452365237,1799,38,0.021122846,3,1,1.210526316,0.218836565,1,0.217391304,0.739130435,0.782608696,0.217391304
13UR1rgSpc7SQ5WEX4JTj2RAu2b6jgF2rP,76,0.00087837,0.00085763,41,39,109084,85350,23734,1435.315789,1389679.084,163.2105263,48412.92936,1272.105263,1749030.884,0.976388082,0.001736,2.14E-05,8.11E-10,2.20E-05,8.46E-10,80214724,1069529.653,2.48E+12,471341.7692,1.62E+11,0.131244227,929,54,0.058127018,6,1,1.407407407,1.01920439,1,0.428571429,0.571428571,0.487804878,0.487804878
13UUuPjTx12pBkW7ZQbp4xpWECNABM3daY,21,0.44253347,0.44253347,11,11,768,659,109,36.57142857,1087.578231,25.0952381,1235.895692,11.47619048,291.2970522,1,0.88506694,0.040230315,0.000840785,0.040230315,0.000840785,152446444,7622322.2,5.97E+14,305511.7273,83187219706,0.20910134,1765,20,0.011331445,2,1,1.05,0.0475,1,0.3,0.6,0.636363636,0.363636364
13UgeC549ti7Usc5vmcAEtEqFbm7BXPGdq,4,3.74E-05,3.74E-05,2,2,6481,6252,229,1620.25,1909964.188,81.5,8930.25,1538.75,2136725.688,1,7.48E-05,1.87E-05,7.95E-12,1.87E-05,7.95E-12,27534981,9178327,1.67E+14,43183,107744400,0,319,2,0.006269592,2,2,2,0,2,0,0.5,1,0
13VGWoATo4z9bmqcFJbRxNiw8PzH1hgQo3,4,6.53E-05,6.53E-05,2,2,3741,3572,169,935.25,1433334.188,78.25,8817.6875,857,1548177,1,0.00013068,3.27E-05,1.79E-11,3.27E-05,1.79E-11,723844,241281.3333,62977945083,63931,107495424,0,9,3,0.333333333,2,1,1.333333333,0.222222222,1,0,0.5,1,0
13VKitis6c2Zbakay5285WBZBANkPM7htu,6,0.0006185,0.0006185,3,3,2353,1876,477,392.1666667,104911.1389,40.83333333,3009.138889,351.3333333,124538.2222,1,0.001237,0.000206167,5.30E-10,0.000206167,5.30E-10,8305936,1661187.2,2.12E+12,572326.6667,1.33E+11,0,97,6,0.06185567,1,1,1,0,1,0,0.666666667,1,0
13VyiNpXJB3158tgVi9kZAdQ2EJhCkRKso,2,0.00159903,0.00159903,1,1,6,5,1,3,1,1.5,0.25,1.5,0.25,1,0.00319806,0.00159903,0,0.00159903,0,1996,1996,0,1996,0,0,1,1,1,2,2,2,0,2,0,0,1,0
13W15FF4k74hnAZTLiRQTNrqLUcQQeAjmJ,16,0.00190098,0.00190098,8,8,3007,1879,1128,187.9375,35410.43359,140.5625,43533.87109,47.375,4715.484375,1,0.00380196,0.000237623,1.69E-08,0.000237623,1.69E-08,187691527,12512768.47,1.81E+15,2249253.75,1.99E+12,0.37095724,2173,12,0.005522319,4,1,1.333333333,0.722222222,1,0.5,0.375,0.5,0.5
13W5nPxcsdpQG9L77PzrS441nMWVSJBHGx,33,9.57516656,9.57516656,17,17,24283,20310,3973,735.8484848,1426874.068,1.454545455,2.85399449,734.3939394,1427402.784,1,19.15033312,0.563245092,0.123648918,0.563245092,0.123648918,3553978,111061.8125,17783931521,15660.23529,313937345.9,0.059374689,42,18,0.428571429,3,1,1.833333333,0.472222222,2,0.0625,0.875,0.882352941,0.117647059
13WiitbGzVXMwh9PjgEhp2szWinmRrSc4p,8,0.05526286,0.05526286,4,4,67,52,15,8.375,56.984375,6,50.25,2.375,6.484375,1,0.11052572,0.013815715,0.00033965,0.013815715,0.00033965,143052207,20436029.57,2.49E+15,85879.5,2556644782,1.170104533,1656,5,0.003019324,3,1,1.6,0.64,1,0.25,0.5,0.75,0.25
13X3CVLtr4RGBN7jo8HUYN4r2sr7zBzyN8,28,0.02104137,0.02104137,15,15,2292,1746,546,81.85714286,15273.26531,60.85714286,14580.76531,21,2442.714286,1,0.04208274,0.001402758,6.34E-07,0.001402758,6.34E-07,121336547,4493946.185,1.40E+14,174764.8667,45481400480,0.168758035,1405,19,0.013523132,4,1,1.473684211,0.670360111,1,0.153846154,0.769230769,0.733333333,0.266666667
13XLu28kXTjsm28zzj5MdDFiZJaZyZd5Tb,6,0.00019911,0.00019911,3,3,6735,6311,424,1122.5,1658906.25,129.8333333,38445.80556,992.6666667,1869387.889,1,0.00039822,6.64E-05,2.45E-09,6.64E-05,2.45E-09,10113816,2022763.2,6.35E+12,180951.6667,31471504464,0,118,5,0.042372881,2,1,1.2,0.16,1,0,0.666666667,1,0
13YPwKfeTvauUxTweCrWbT46sm5tNXMyi8,5,0.096626,0.096626,3,3,76,53,23,15.2,104.96,10,121.6,5.2,40.96,1,0.193252,0.032208667,0.000399451,0.032208667,0.000399451,2466415,616603.75,8.01E+11,1023082.667,1.03E+12,0.948379812,29,3,0.103448276,3,1,1.666666667,0.888888889,1,0.5,0,0.333333333,0.666666667
13YQaVa6U6M1iCNRbKG4C1LXF8XpT5wWzq,2,1.51079905,1.51079905,1,1,149,148,1,74.5,5112.25,1.5,0.25,73,5041,1,3.0215981,1.51079905,0,1.51079905,0,1433164,1433164,0,1433164,0,0,17,2,0.117647059,1,1,1,0,1,0,0,1,0
13ZBqzUHYQkbxUknt5vqCTBdL4d8WaAe7m,2,4.48599194,4.48599194,1,1,281,185,96,140.5,30.25,3.5,6.25,137,9,1,8.97198388,4.48599194,0,4.48599194,0,1842575,1842575,0,1842575,0,0,22,2,0.090909091,1,1,1,0,1,0,0,1,0
13Zd1ADKn4TdAKKmo3ioDnPg16NhC2vgWs,2,0.00513856,0.00513856,1,1,54,52,2,27,324,4,9,23,441,1,0.01027712,0.00513856,0,0.00513856,0,41261,41261,0,41261,0,0,1,2,2,1,1,1,0,1,0,0,1,0
13Zm92HhjrWEA2f4T1vzzbkeB7779BPT2r,10,0.15193085,0.15193085,5,5,45,33,12,4.5,7.25,2.5,7.25,2,0,1,0.3038617,0.03038617,0.000697769,0.03038617,0.000697769,1409974,156663.7778,56166788910,284032.2,1.19E+11,0.358136624,17,8,0.470588235,2,1,1.25,0.1875,1,0.4,0.4,0.6,0.4
13ZqeuZUoYSLjiH5KUjAhk7YE54KKGUdpZ,36,0.00131915,0.00109114,19,17,32433,28940,3493,900.9166667,1272896.632,93.91666667,25258.6875,807,1393033,0.827153849,0.00241029,6.94E-05,4.68E-09,6.42E-05,4.88E-09,84337193,2409634.086,1.12E+13,955637.5882,2.95E+12,0.001624454,977,34,0.034800409,2,1,1.058823529,0.055363322,1,0.058823529,0.941176471,0.842105263,0.105263158
13c1MSYnT8rXA2VmJns5tvo1PnVSRHy1dZ,3,0.74043179,0.74043179,2,2,19,15,4,6.333333333,6.888888889,4,8,2.333333333,0.222222222,1,1.48086358,0.370215895,0.051329844,0.370215895,0.051329844,1257651,628825.5,693400556.3,628825.5,693400556.3,0,15,3,0.2,1,1,1,0,1,0.5,0,1,0
13cuv5fzK7wVyYnsQjuS9soKGbfqh4vTFq,34,0.16813198,0.16813198,17,17,239,190,49,7.029411765,24.73442907,1.294117647,0.619377163,5.735294118,25.31228374,1,0.33626396,0.009890116,5.24E-05,0.009890116,5.24E-05,33453014,1013727.697,2.94E+12,487968.2353,3.40E+12,0.075081863,388,22,0.056701031,3,1,1.545454545,0.429752066,1,0.117647059,0.823529412,0.882352941,0.117647059
13fXmLYHyT1CNP4ELtDnN6sWQwgeYQbkAG,2,0.00700839,0.00700839,1,1,6,5,1,3,0,1,0,2,0,1,0.01401678,0.00700839,0,0.00700839,0,622,622,0,622,0,0,1,1,1,2,2,2,0,2,0,0,1,0
13faxwEXaxwJXyxx11GqCMqL7oKH9qCNV7,8,0.10558183,0.10558183,5,5,65,34,31,8.125,62.609375,6.125,62.609375,2,0,1,0.21116366,0.021116366,0.000276087,0.021116366,0.000276087,598268,85466.85714,6618271058,158982.6,411253013,0.728204893,7,5,0.714285714,4,1,1.6,1.44,1,0.333333333,0.333333333,0.4,0.6
13gyLN3Wo7ute3xJWDDBrntBEeJka23smj,2,0.02090499,0.02090499,1,1,6,5,1,3,0,1,0,2,0,1,0.04180998,0.02090499,0,0.02090499,0,1724,1724,0,1724,0,0,1,1,1,2,2,2,0,2,0,0,1,0
13iGea7jYX42VVqbcZy3DuuYbvN4siYckt,2,0.033763,0.033763,1,1,38,35,3,19,9,7.5,42.25,11.5,90.25,1,0.067526,0.033763,0,0.033763,0,478915,478915,0,478915,0,0,6,2,0.333333333,1,1,1,0,1,0,0,1,0
13itffh9FEn7XMCjLnJqbcrLGgoVrdAHrh,6,0.02103995,0.02103995,3,3,470,281,189,78.33333333,28075.88889,76.66666667,28025.55556,1.666666667,0.222222222,1,0.0420799,0.007013317,5.13E-05,0.007013317,5.13E-05,223680696,44736139.2,3.98E+15,665742.6667,8.50E+11,0,2589,5,0.001931248,2,1,1.2,0.16,1,0,0.666666667,1,0
13jPnZGPnxppKaa29UDXTV9hvPVBHeN9Lv,100,0.00886712,0.00896609,46,64,88105,53395,34710,881.05,1085640.688,119.4,34777.5,761.65,1228064.227,1.011161459,0.01783321,0.000192763,1.66E-07,0.000140095,1.26E-07,45613911,460746.5758,1.83E+12,257595.3906,1.46E+11,0.18379855,528,57,0.107954545,14,1,1.754385965,3.273007079,1,0.481481481,0.5,0.608695652,0.391304348
13k7tHKDKrdxKjSxEc8znUFRJXBCV3kCG9,100,0.01040363,0.01088307,51,50,31011,4474,26537,310.11,77943.3779,48.12,10629.4456,261.99,90892.6699,1.046083915,0.0212867,0.000203993,9.91E-08,0.000217661,9.89E-08,135562369,1369316.859,1.70E+12,426234.5208,4.10E+11,0.04058039,1570,90,0.057324841,2,1,1.111111111,0.098765432,1,0.102040816,0.87755102,0.843137255,0.156862745
13m7UpJcKv835qK5bsQ5fFrRemSms44Syi,8,0.00074494,0.00074494,4,4,290,269,21,36.25,1281.6875,28.125,863.859375,8.125,120.609375,1,0.00148988,0.000186235,1.09E-09,0.000186235,1.09E-09,6794351,970621.5714,1.50E+12,89056.5,7771105523,0,79,6,0.075949367,2,1,1.333333333,0.222222222,1,0,0.75,1,0
13mfQbg4WtnTwvBj42f5AieUuasUE7wBec,2,0.00905852,0.00905852,1,1,116,115,1,58,4,2.5,2.25,55.5,12.25,1,0.01811704,0.00905852,0,0.00905852,0,16909,16909,0,16909,0,0,1,2,2,1,1,1,0,1,0,0,1,0
13nuCygM9US3jSMq9LE5j9gVGL8aBATNrv,4,0.0160662,0.0160662,2,2,65,55,10,16.25,500.6875,14.25,526.6875,2,0.5,1,0.0321324,0.0080331,2.47E-05,0.0080331,2.47E-05,120474253,40158084.33,3.20E+15,130204.5,8985238890,0,1395,3,0.002150538,2,1,1.333333333,0.222222222,1,0,0.5,1,0
13oCwV1LqWh9YK2Y4AanP5MTt4sccLbKqD,2,0.00672,0.00672,1,1,85,82,3,42.5,1560.25,1.5,0.25,41,1521,1,0.01344,0.00672,0,0.00672,0,23288,23288,0,23288,0,0,1,2,2,1,1,1,0,1,0,0,1,0
13oTxtFGrDDBTQiWj77hBWxAzd57xf5HWe,100,0.04683299,0.05068831,50,53,86424,24962,61462,864.24,908944.8224,82.26,20309.3324,781.98,1014478.58,1.082320603,0.0975213,0.00093666,1.68E-05,0.000956383,1.59E-05,148351488,1498499.879,2.51E+13,194031.434,38853645999,1.648690566,1718,81,0.047147846,4,1,1.234567901,0.278311233,1,0.18,0.8,0.82,0.18
13oaHAmDxn8vzZLZrKx47kWCqM5EXFqhBd,26,0.00879775,0.00879775,14,14,360,302,58,13.84615385,346.2071006,6.769230769,162.3313609,7.076923077,95.91715976,1,0.0175955,0.000628411,1.13E-07,0.000628411,1.13E-07,42835953,1713438.12,8.34E+12,589685.2857,8.60E+11,0.362067981,496,19,0.038306452,3,1,1.368421053,0.443213296,1,0.25,0.666666667,0.642857143,0.357142857
13otiXS2FNdcWeBK6sWRfXy2H5X6yUUMwQ,22,0.47836565,0.47836565,11,11,1091,716,375,49.59090909,15084.51446,39.72727273,15435.28926,9.863636364,319.7541322,1,0.9567313,0.043487786,0.004624803,0.043487786,0.004624803,157649172,7507103.429,5.52E+14,168568.9091,1.18E+11,0.253246753,1825,15,0.008219178,3,1,1.466666667,0.382222222,1,0.090909091,0.818181818,0.909090909,0.090909091
13pUYpj8aVLdan7DLNK59vDF1oJ8xr3mfu,22,0.76911634,0.76911634,11,11,960,765,195,43.63636364,7780.595041,31.27272727,8208.107438,12.36363636,202.9586777,1,1.53823268,0.069919667,0.007436717,0.069919667,0.007436717,4573744,217797.3333,2.54E+11,39613.18182,5485348790,0.176594896,53,10,0.188679245,5,1,2.2,1.16,2,0.181818182,0.727272727,0.818181818,0.181818182
13qGLSM9iLXZWoSXTE9tjLJuScKXNKjyyh,9,0.0180247,0.0180247,5,5,180,139,41,20,815.1111111,16.55555556,859.8024691,3.444444444,12.69135802,1,0.0360494,0.00360494,6.44E-06,0.00360494,6.44E-06,185146703,23143337.88,3.31E+15,63113.4,2574428020,0.270532466,2143,7,0.003266449,2,1,1.285714286,0.204081633,1,0,0.75,0.8,0.2
13uKnuP9JxnWLssPD985jMQvYJSJhVPibR,53,0.54852431,0.54852431,28,28,1197,1093,104,22.58490566,2446.205055,10.1509434,2248.090424,12.43396226,350.0192239,1,1.09704862,0.019590154,0.000113884,0.019590154,0.000113884,34941214,671946.4231,8.08E+12,97918.5,8058535488,0.320650452,405,17,0.041975309,13,1,3.117647059,11.28027682,2,0.56,0.4,0.392857143,0.607142857
13vh71Q6G3AN4682wjL4fDvFyan4YGomHT,4,0.029803,0.029803,2,2,63,36,27,15.75,165.6875,13.75,165.6875,2,0,1,0.059606,0.0149015,2.17E-06,0.0149015,2.17E-06,207350,69116.66667,9234199506,205687.5,452256.25,0.109733393,3,2,0.666666667,2,2,2,0,2,0.5,0,0.5,0.5
13x8q24zxPesC7xfAgeyuyj9VCrTiCukVD,37,0.01183,0.01183,20,20,746,557,189,20.16216216,561.7574872,12.75675676,315.3192111,7.405405405,308.403214,1,0.02366,0.0005915,6.31E-07,0.0005915,6.31E-07,46824413,1300678.139,1.76E+13,888219.25,2.63E+12,0.011627907,542,34,0.062730627,2,1,1.088235294,0.080449827,1,0,0.941176471,0.85,0.15
13xWAA3TAr1NrwDGYXZpdViJf2PFeoSZsP,8,0.01366951,0.01366951,4,4,349,275,74,43.625,4029.734375,36.875,4212.609375,6.75,157.9375,1,0.02733902,0.003417378,3.32E-06,0.003417378,3.32E-06,122762626,17537518,1.74E+15,66605.5,3853809704,0,1421,5,0.003518649,2,1,1.6,0.24,2,0,0.75,1,0
13xhsWB8kUyQbXFPKud9KMVkWk8VFwcqLx,74,0.45154258,0.45154258,37,37,1931,1788,143,26.09459459,1552.86943,4.891891892,28.5558802,21.2027027,1518.864317,1,0.90308516,0.012203854,0.000133661,0.012203854,0.000133661,49219422,674238.6575,2.43E+12,44585.67568,3142100415,0.232326312,570,44,0.077192982,4,1,1.681818182,0.489669421,2,0.108108108,0.864864865,0.891891892,0.108108108
13xswamcmUiCmDZATRJVZRrNaXVwrF3C3m,6,0.02167506,0.02167506,3,3,247,199,48,41.16666667,6480.805556,39.16666667,6480.805556,2,0,1,0.04335012,0.00722502,1.16E-05,0.00722502,1.16E-05,104782226,20956445.2,6.63E+14,85258.33333,3791867350,0,1213,5,0.004122012,2,1,1.2,0.16,1,0,0.666666667,1,0
13xtpY7pAeETQ9kwWfFyrTj3hH5E4Qme8a,2,16.59922447,16.59922447,1,1,17,16,1,8.5,0.25,1,0,7.5,0.25,1,33.19844894,16.59922447,0,16.59922447,0,2919,2919,0,2919,0,0,1,1,1,2,2,2,0,2,0,0,1,0
13zJu2yMBboWEtS9zXqn1UebZEgYZcSHit,16,0.0642932,0.0642932,8,8,1029,697,332,64.3125,11120.33984,61.9375,11164.68359,2.375,1.484375,1,0.1285864,0.00803665,6.90E-05,0.00803665,6.90E-05,108581866,7238791.067,1.91E+14,191886.625,51949106051,1.536725191,1257,14,0.011137629,3,1,1.142857143,0.265306122,1,0.125,0.75,0.875,0.125
13za7w6fBUhEouE75ZUdbcoEChWmK8VDpU,2,0.00922985,0.00922985,1,1,6,5,1,3,0,1,0,2,0,1,0.0184597,0.00922985,0,0.00922985,0,667421,667421,0,667421,0,0,8,2,0.25,1,1,1,0,1,0,0,1,0
1426eFP334Z7QWq1NbYNJyB5Mn75r8NDDe,8,0.003576,0.003576,4,4,167,159,8,20.875,362.859375,4.5,5.5,16.375,333.234375,1,0.007152,0.000894,2.43E-08,0.000894,2.43E-08,24310009,3472858.429,1.27E+13,1520354.25,6.43E+12,0,282,6,0.021276596,2,1,1.333333333,0.222222222,1,0,0.75,1,0
142AYPnzdL7WisvYv9GkitcBuTbvEAS3w7,65,64.58276055,64.53207119,65,64,1599,784,815,24.6,1310.732308,1.646153846,1.244023669,22.95384615,1314.905562,0.999215126,129.1148317,0.993580932,1.044316908,1.008313612,1.046525987,46675571,729305.7969,2.09E+12,353204.7188,6.49E+11,0.233410562,541,54,0.099815157,5,1,1.203703704,0.421467764,1,0.70212766,0.276595745,0.777777778,0.222222222
143HJFfJYETLWyZL1T4S9qfvTiYhxAFEtu,2,0.00323,0.00323,1,1,90,88,2,45,1444,3.5,6.25,41.5,1640.25,1,0.00646,0.00323,0,0.00323,0,3591,3591,0,3591,0,0,1,1,1,2,2,2,0,2,0,0,1,0
143pE9Z6WjvpsPxGkvTz1Z6xke6cSxYdvB,2,0.00366,0.00366,1,1,6,5,1,3,0,1,0,2,0,1,0.00732,0.00366,0,0.00366,0,159644,159644,0,159644,0,0,2,2,1,1,1,1,0,1,0,0,1,0
145JgCt6jcYwh8Cob8sqDV6LvBRQy6ABNc,28,0.10109604,0.10109604,22,22,2772,2599,173,99,22264.07143,2.357142857,3.87244898,96.64285714,22354.44388,1,0.20219208,0.004595275,1.92E-05,0.004595275,1.92E-05,253030215,9371489.444,6.45E+14,13304842.41,7.77E+13,0.483791355,2929,28,0.009559577,1,1,1,0,1,0.428571429,0.428571429,0.19047619,0.80952381
145j7HkV8kui5QMUwbbPYL2QtJ3z4Eiq2Z,2,0.01001721,0.01001721,1,1,18,17,1,9,16,7,16,2,0,1,0.02003442,0.01001721,0,0.01001721,0,12030,12030,0,12030,0,0,1,1,1,2,2,2,0,2,0,0,1,0
14725fnVT5FaCpyBuRgZizMh1bL8KFBUZ3,100,5.94721355,6.12276581,100,99,873,570,303,8.73,521.5771,1.87,3.6531,6.86,482.9204,1.029518405,12.06997936,0.059472135,0.004582603,0.061846119,0.004721943,47759925,482423.4848,4.00E+11,410091.5773,2.46E+11,11.29410504,553,81,0.146473779,3,1,1.234567901,0.303002591,1,0.555555556,0.444444444,0.72972973,0.243243243
147DeBN5vAusVKiLVMEwgtCWLQRB7Xxwki,4,0.06539812,0.06539812,2,2,678,653,25,169.5,64634.75,144.25,60990.6875,25.25,298.6875,1,0.13079624,0.03269906,1.55E-05,0.03269906,1.55E-05,16395516,5465172,5.23E+13,353258,34988824809,0,190,4,0.021052632,1,1,1,0,1,0,0.5,1,0
147Jx9RpfdJZeuuP3R65pcZxeoAxR6ivHx,3,0.02131,0.02131,2,2,118,115,3,39.33333333,630.2222222,3.333333333,3.555555556,36,578.6666667,1,0.04262,0.010655,6.39E-05,0.010655,6.39E-05,10063,5031.5,16261056.25,9064,0,3.005639098,1,1,1,3,3,3,0,3,0,0,0.5,0.5
147ZmNt6kisqsZmpCXJTZY1goa2StKA9K9,8,0.00210406,0.00210406,4,4,5356,5342,14,669.5,1359806,2.375,3.484375,667.125,1358143.859,1,0.00420812,0.000526015,1.35E-07,0.000526015,1.35E-07,44106808,6300972.571,1.85E+14,88516,6936425739,2.532488053,511,5,0.009784736,3,1,1.6,0.64,1,0.25,0.5,0.75,0.25
1484jSL1JMdk97zVVYAQf4UEkMURNJySUA,4,0.00037362,0.00037362,2,2,152,124,28,38,3675,36.25,3657.6875,1.75,0.1875,1,0.00074724,0.00018681,3.23E-09,0.00018681,3.23E-09,122939759,40979919.67,3.31E+15,270373,29332727824,0,1423,4,0.002810963,1,1,1,0,1,0,0.5,1,0
148djYszQ63YBG3G4eyGPNX8W4qdhBx29u,26,0.00081283,0.00081283,13,13,26811,21590,5221,1031.192308,1105717.155,145.9615385,42674.26775,885.2307692,1315493.485,1,0.00162566,6.25E-05,2.29E-08,6.25E-05,2.29E-08,28761653,1150466.12,3.54E+12,379156.3077,2.92E+11,0.485306791,333,18,0.054054054,5,1,1.444444444,0.913580247,1,0.461538462,0.461538462,0.538461538,0.461538462
149LYN9i4UR7MnrxuTxeFpHhHMhGuBy3SZ,3,0.04262452,0.04262452,2,2,50,28,22,16.66666667,297.5555556,13.66666667,320.8888889,3,2,1,0.08524904,0.02131226,2.47E-06,0.02131226,2.47E-06,265243,132621.5,17588462262,265243,0,0.068642223,4,2,0.5,2,1,1.5,0.25,1.5,0,0,0.5,0.5
149aLo2WZU2tYBXggS2uASFX6vQKhokwRE,100,241.759828,245.7010545,50,50,4027,3135,892,40.27,3804.1571,25.31,2381.4739,14.96,463.7384,1.016302239,487.4608825,4.83519656,66.1780164,4.914021089,65.72026942,11580771,116977.4848,71498743658,6483.571429,167891225.1,0.070070819,135,44,0.325925926,6,1,2.272727273,1.47107438,2,0.04,0.94,0.94,0.06
14B9DEzhRGfFT896EtfJQjbB51NkniMtja,26,0.12487716,0.12487716,14,14,1259,598,661,48.42307692,10276.55178,46.61538462,10309.00592,1.807692308,0.463017751,1,0.24975432,0.008919797,8.61E-05,0.008919797,8.61E-05,183430594,7337223.76,5.06E+14,65493.07143,6639592687,0.176160163,2124,19,0.008945386,3,1,1.368421053,0.443213296,1,0.25,0.666666667,0.642857143,0.357142857
14Bn9nRvzjWKxzYdr22JgG3You4boFP9xc,8,0.11970161,0.11970161,4,4,518,403,115,64.75,22980.4375,63.125,23057.85938,1.625,0.234375,1,0.23940322,0.029925403,0.000585821,0.029925403,0.000585821,173762924,24823274.86,3.46E+15,117910.25,10754273953,0,2012,8,0.003976143,1,1,1,0,1,0,0.75,1,0
14CBxj9GE3i3RLzPhhZoR8n1WFHMv7E3EV,100,0.56465934,0.56465934,54,54,784,534,250,7.84,209.6544,2.35,3.7875,5.49,188.8899,1,1.12931868,0.010456654,0.000708703,0.010456654,0.000708703,18241182,184254.3636,3.17E+11,46836.55556,23114766704,1.114770138,212,42,0.198113208,7,1,2.380952381,1.997732426,2,0.152173913,0.826086957,0.722222222,0.277777778
14Cd8GV45c7uHj5LrT6SdNCqZSyFEqKPYQ,4,0.00383692,0.00383692,2,2,316,198,118,79,13481,73.5,14100.75,5.5,32.75,1,0.00767384,0.00191846,2.50E-07,0.00191846,2.50E-07,153781847,51260615.67,5.19E+15,332283.5,2602071110,0,1780,4,0.002247191,1,1,1,0,1,0,0.5,1,0
14DDqdTLo2BP1YiHDA81ypsT8MavHv9qJh,8,0.00885828,0.00885828,4,4,429,357,72,53.625,7436.984375,35.75,8043.6875,17.875,509.859375,1,0.01771656,0.00221457,3.53E-06,0.00221457,3.53E-06,176336449,25190921.29,3.67E+15,530650.25,6.42E+11,0,2041,6,0.002939735,2,1,1.333333333,0.222222222,1,0,0.75,1,0
14DkzJuH2UTA8fXcMP1qFnpoNB6X441E4p,100,0.30298157,0.30298157,50,50,3709,2862,847,37.09,1441.5019,12.27,663.5171,24.82,688.6476,1,0.60596314,0.006059631,9.95E-05,0.006059631,9.95E-05,30576875,308857.3232,6.31E+11,51574.42,24700545492,0.155233525,354,57,0.161016949,5,1,1.754385965,0.816866728,2,0.2,0.78,0.8,0.2
14E6WDCcDdzhxKfrph7Gbrze6pVNXqmYJC,2,0.00780763,0.00780763,1,1,6,4,2,3,0,1,0,2,0,1,0.01561526,0.00780763,0,0.00780763,0,218,218,0,218,0,0,1,1,1,2,2,2,0,2,0,0,1,0
14EBtfmAQqev5Njrvj6PP9XhJk2BAXV1jn,22,0.07713531,0.07713531,11,11,1372,760,612,62.36363636,5922.049587,43.95454545,3111.497934,18.40909091,4120.605372,1,0.15427062,0.007012301,2.79E-05,0.007012301,2.79E-05,88404351,4209731,1.41E+14,765211.4545,1.08E+12,0.044387216,1024,21,0.020507813,2,1,1.047619048,0.045351474,1,0.090909091,0.818181818,0.909090909,0.090909091
14EHVJ8gzP6UrHj42Rii5NiSG8Bp4swjgh,4,0.00501263,0.00501263,2,2,206,188,18,51.5,4706.75,33.5,2978.25,18,257.5,1,0.01002526,0.002506315,5.25E-06,0.002506315,5.25E-06,1530581,510193.6667,1.28E+11,471344.5,1.88E+11,0,18,4,0.222222222,1,1,1,0,1,0,0.5,1,0
14EikGa2uCGWcPRW8cSjzHGinGMin9PwE8,3,2.04E-05,1.00E-05,2,1,857,839,18,285.6666667,2076.222222,78,11858,207.6666667,11110.88889,0.491400491,3.04E-05,1.02E-05,3.06E-14,1.00E-05,0,21943510,10971755,1.18E+14,108019,0,0,254,3,0.011811024,1,1,1,0,1,0,1,0.5,0
14Ev6wq7q8s6oZUCDaQBe8h3QyU4qS9nX2,100,18.29157661,16.30955426,52,52,402,214,188,4.02,9.2196,1.97,10.3691,2.05,0.2675,0.891642892,34.60113087,0.351761089,0.222291454,0.313645274,0.160936493,1515122,15304.26263,902184212.8,2493.96,5864842.838,1.267946225,18,16,0.888888889,16,1,6.25,14.9375,6,0.38,0.6,0.6,0.4
14FnvTtE9U8JL9RkvEa6NV54ayQKARDM5i,14,0.00294634,0.00294634,7,7,3522,2662,860,251.5714286,38962.67347,141.3571429,42656.80102,110.2142857,26732.7398,1,0.00589268,0.000420906,7.10E-08,0.000420906,7.10E-08,165840374,12756951.85,3.05E+14,2779713.857,9.96E+12,0,1920,14,0.007291667,1,1,1,0,1,0,0.857142857,1,0
14FrK2xkqD1nbaGT8vCA5LJM2gmwEB7Mj8,18,0.14670067,0.14670067,9,9,3041,2492,549,168.9444444,107460.1636,79,13547.66667,89.94444444,107621.1636,1,0.29340134,0.016300074,0.000312114,0.016300074,0.000312114,201927432,11878084.24,1.95E+15,754286.2222,4.22E+11,0.453143769,2338,17,0.007271172,2,1,1.058823529,0.055363322,1,0.333333333,0.555555556,0.666666667,0.333333333
14G1Yv2y6ycXZ8dwXrQNTKXNFukd5ekZcz,12,0.00162199,0.00162199,6,6,1253,1186,67,104.4166667,36124.24306,93,37337.66667,11.41666667,302.0763889,1,0.00324398,0.000270332,7.91E-08,0.000270332,7.91E-08,42077576,3825234.182,7.49E+13,33857.33333,1271677614,0,488,10,0.020491803,2,1,1.2,0.16,1,0,0.833333333,1,0
14JAoNcWSk9jY83692RKEByQ4ikRUoC92M,18,0.00201023,0.00198565,10,9,1897,1759,138,105.3888889,18281.34877,62.38888889,13998.57099,43,3881.333333,0.987772543,0.00399588,0.000201023,9.54E-08,0.000220628,1.02E-07,27433530,1613737.059,6.25E+12,104340.7778,25023892996,0,318,13,0.040880503,3,1,1.384615385,0.390532544,1,0,1,0.8,0.1
14Jc4Q9EBrgdm9f7Gy692iXxp5boQgKfz6,100,2.33104479,2.37821529,50,51,3027,1714,1313,30.27,1627.2171,20.87,1632.2731,9.4,158.66,1.020235776,4.70926008,0.046620896,0.001559578,0.046631672,0.001529004,176529380,1783125.051,6.99E+12,245995.62,1.19E+11,0.025421765,2044,84,0.04109589,2,1,1.19047619,0.154195011,1,0.08,0.9,0.9,0.1
14Js29MZqKpQSNUpx9QkoiQET5CwzmibkH,2,0.08465937,0.08465937,1,1,6,5,1,3,0,1,0,2,0,1,0.16931874,0.08465937,0,0.08465937,0,3114,3114,0,3114,0,0,1,1,1,2,2,2,0,2,0,0,1,0
14Kqvjp7kEtt6k6SD9LbDQNN8KreZ44aKM,2,0.15285173,0.15285173,1,1,23,21,2,11.5,0.25,1.5,0.25,10,0,1,0.30570346,0.15285173,0,0.15285173,0,1511,1511,0,1511,0,0,1,1,1,2,2,2,0,2,0,0,1,0
14KtQubiq7Wxkz6iu9rmyNfT27eq1uoZvf,4,0.05355939,0.05355939,2,2,113,100,13,28.25,843.6875,7.5,32.75,20.75,1054.6875,1,0.10711878,0.026779695,0.00052188,0.026779695,0.00052188,820031,273343.6667,65664600328,433061.5,1.01E+11,0.460352157,10,4,0.4,1,1,1,0,1,0.5,0,0.5,0.5
14LGk97HKD19QhqNo7UX8sSz9uR2h35usE,2,0.00047,0.00047,1,1,6,5,1,3,0,1.5,0.25,1.5,0.25,1,0.00094,0.00047,0,0.00047,0,144156,144156,0,144156,0,0,2,2,1,1,1,1,0,1,0,0,1,0
14MAHoUNE6uppXFwBNjpSG8cjCLQV8hHTW,56,0.00059217,0.00059217,29,29,60905,44636,16269,1087.589286,1333188.492,128.1071429,39345.98852,959.4821429,1533661.678,1,0.00118434,2.04E-05,4.63E-10,2.04E-05,4.63E-10,46294169,841712.1636,2.13E+12,953370.1724,7.55E+11,0.360691274,536,43,0.080223881,6,1,1.302325581,0.722552731,1,0.37037037,0.592592593,0.586206897,0.413793103
14Myn21ypSJitxPANFrfsL51eFRatAzTjs,100,0.86686341,0.86686341,51,51,5004,4813,191,50.04,6469.0384,4.06,91.9164,45.98,5762.1596,1,1.73372682,0.016997322,0.001060227,0.016997322,0.001060227,11278844,113927.7172,44875717570,31966.37255,15588108336,0.236831422,131,43,0.328244275,5,1,2.325581395,0.963764197,2,0.081632653,0.897959184,0.882352941,0.117647059
14NRunojmyLTZMjF7gdoW2e8R5AS9qjY6j,100,0.48170119,0.51376008,49,51,7220,7010,210,72.2,7532.54,1.78,1.6116,70.42,7445.7636,1.066553479,0.99546127,0.009830637,0.000152226,0.010073727,0.000155463,49146159,496425.8485,1.07E+12,114397.36,20841645617,0.188860077,569,78,0.137082601,4,1,1.282051282,0.330703485,1,0.137254902,0.843137255,0.87755102,0.12244898
14QpBKjHTUWmFNJAk6YowcAoraY2FTQxGR,18,0.03923837,0.03923837,9,9,676,560,116,37.55555556,3482.802469,26.11111111,3615.987654,11.44444444,210.2469136,1,0.07847674,0.004359819,3.44E-06,0.004359819,3.44E-06,77053690,4532570,3.06E+14,275235.6667,1.21E+11,0.288245308,892,12,0.013452915,4,1,1.5,0.75,1,0.333333333,0.555555556,0.666666667,0.333333333
14RRf8VL6pKPxEwndU3FTK1u8TFk5rdS7s,100,1.5579114,1.69714941,53,54,5719,2752,2967,57.19,11448.5939,53.89,11628.8379,3.3,17.11,1.089374794,3.25506081,0.029394555,0.001156354,0.031428693,0.001354239,144505394,1459650.444,1.34E+13,401150.2453,9.60E+11,0.255645731,1673,86,0.051404662,3,1,1.162790698,0.182801514,1,0.106382979,0.872340426,0.773584906,0.226415094
14SES4v2LYCKoneWhK7my9gHVTHZCYqcJD,2,0.00016647,0.00016647,1,1,9,8,1,4.5,2.25,2.5,2.25,2,0,1,0.00033294,0.00016647,0,0.00016647,0,155604267,155604267,0,155604267,0,0,1801,2,0.001110494,1,1,1,0,1,0,0,1,0
14SZtQqTaq6N4USFayTejqFNv2AdTTCG8d,24,0.46585454,0.46585454,20,20,264,175,89,11,132.1666667,4.416666667,72.74305556,6.583333333,90.74305556,1,0.93170908,0.023292727,0.000681256,0.023292727,0.000681256,686110,29830.86957,7726008847,34482.5,11777236826,1.002428392,8,5,0.625,11,1,4.8,21.76,1,0.25,0.5,0.15,0.85
14SpnutktohfZJGTH1NCF9mVUYPuNU2nZi,6,8.96E-05,4.04E-05,4,2,692,619,73,115.3333333,10453.88889,50.33333333,7100.888889,65,4112.666667,0.451076648,0.00013006,2.24E-05,9.51E-11,2.02E-05,1.82E-14,28203647,5640729.4,7.80E+13,104892.5,63321806.25,0,327,6,0.018348624,1,1,1,0,1,0,1,0.5,0.25
14TC5PYf7DeXdCCAbaoVYstQb3A3V36BAU,100,0.96436566,0.96436566,50,50,2606,2445,161,26.06,2973.6764,2.22,1.6116,23.84,2978.9344,1,1.92873132,0.019287313,0.000266706,0.019287313,0.000266706,442508,4469.777778,82216781.26,3659.46,5125827.088,0.397930826,6,6,1,27,2,16.66666667,85.88888889,19,0.36,0.62,0.64,0.36
14UX76ZuJZYEnob3ZU3ZZ9GjCudvunBG74,2,0.61569,0.61569,1,1,146,142,4,73,4761,2,1,71,4624,1,1.23138,0.61569,0,0.61569,0,1341504,1341504,0,1341504,0,0,16,2,0.125,1,1,1,0,1,0,0,1,0
14XLfNLr4eDf3VEYx2oAQwALh3Qe5LpBrk,11,0.01326392,0.01326392,6,6,848,561,287,77.09090909,9183.173554,73.27272727,9417.471074,3.818181818,36.87603306,1,0.02652784,0.002210653,1.57E-06,0.002210653,1.57E-06,114558494,11455849.4,1.12E+15,417715.3333,1.91E+11,0.275148213,1326,8,0.006033183,2,1,1.375,0.234375,1,0.4,0.4,0.5,0.5
14YYxTFdSsY5nTbLn3hwUoNYpksd3knJUf,2,0.00174321,0.00174321,1,1,214,213,1,107,6724,13,121,94,8649,1,0.00348642,0.00174321,0,0.00174321,0,6451,6451,0,6451,0,0,1,1,1,2,2,2,0,2,0,0,1,0
14Z4NJWbyBVQUiHirDjTzas1ts6HMbau2p,31,0.21184677,0.21184677,17,17,2180,1401,779,70.32258065,23207.83143,68,23246.58065,2.322580645,3.831425598,1,0.42369354,0.012461575,0.000252736,0.012461575,0.000252736,124646660,4154888.667,1.52E+14,133800.3529,20463765292,0.132993023,1443,24,0.016632017,2,1,1.291666667,0.206597222,1,0.071428571,0.857142857,0.764705882,0.235294118
14aZMQajnAXogJrv1NygXyRpePR4rX8KyD,100,6.05393985,5.96539118,99,98,351,147,204,3.51,7.1299,1.02,0.0196,2.49,7.1499,0.985373381,12.01933103,0.061150908,0.001370238,0.060871339,0.001331608,2956609,29864.73737,21951493825,41240.15464,22477825206,0.129057964,35,19,0.542857143,14,1,5.263157895,7.983379501,5,0.947916667,0.041666667,1,0
14abg1zRSMKhNwr6sCXLq3NA12c4pTtnVN,40,0.35370829,0.35370829,20,20,2773,2460,313,69.325,1321.419375,50.65,1324.0775,18.675,939.319375,1,0.70741658,0.017685415,0.000362831,0.017685414,0.000362831,45023772,1154455.692,1.44E+13,211409.9,7.03E+11,0.710538827,522,22,0.042145594,3,1,1.818181818,0.330578512,2,0.05,0.9,0.95,0.05
14bSKMnUS6WnvGRKHwDNqJ5rE75bmzYjyW,14,0.38204903,0.38204903,7,7,98,63,35,7,93.28571429,6,93.28571429,1,0,1,0.76409806,0.054578433,0.000751298,0.054578433,0.000751298,2076043,159695.6154,36256257233,73145.28571,2011506059,7.005308999,25,8,0.32,3,1,1.75,0.6875,1.5,0.285714286,0.571428571,0.714285714,0.285714286
14bTbuwBvEdGjDsuXjdBJgbwXt985fjZGV,10,0.04623232,0.04623232,5,5,4919,3989,930,491.9,577620.89,71.1,8827.49,420.8,627648.96,1,0.09246464,0.009246464,0.000330233,0.009246464,0.000330233,168491227,18721247.44,2.49E+15,3231295,1.17E+13,0.363297313,1951,8,0.004100461,2,1,1.25,0.1875,1,0.4,0.4,0.6,0.4
14ciYPyCyvSLY1t6q8ANo9Sf96WtoPtgNP,64,1.1420737,1.1420737,35,35,2142,1011,1131,33.46875,5361.405273,29.109375,5426.816162,4.359375,59.88647461,1,2.2841474,0.032630677,0.002516569,0.032630677,0.002516569,161596438,2565022.825,5.16E+13,399377.8,4.96E+11,0.286282784,1871,46,0.024585783,3,1,1.391304348,0.281663516,1,0.172413793,0.793103448,0.685714286,0.314285714
14cs9aiVZo37r74a99q1LbEDm5Hu1LRXtF,100,0.01733578,0.01733578,50,50,36608,20083,16525,366.08,375886.3736,57.04,14778.4384,309.04,395081.6784,1,0.03467156,0.000346716,5.97E-08,0.000346716,5.97E-08,221021158,2232536.949,5.79E+13,611660.74,2.06E+12,0,2559,76,0.029699101,3,1,1.315789474,0.242382271,1,0,0.98,1,0
14dQCqNXnCuPdckMWEP2j6oF8V2d6kt5NM,6,4.70E-05,4.70E-05,3,3,9028,8556,472,1504.666667,1218503.222,205.8333333,50642.47222,1298.833333,1693740.139,1,9.40E-05,1.57E-05,1.09E-11,1.57E-05,1.09E-11,37089567,7417913.4,1.36E+14,78704.66667,5273529383,0,430,4,0.009302326,2,1,1.5,0.25,1.5,0,0.666666667,1,0
14eTTMnsUdA2w4bcceYTrBArGFpN7KNVok,6,0.00151045,0.00151045,3,3,192,166,26,32,2587.333333,25,2738,7,82,1,0.0030209,0.000503483,4.14E-07,0.000503483,4.14E-07,95510682,19102136.4,1.11E+15,337210,91705512117,0,1106,6,0.005424955,1,1,1,0,1,0,0.666666667,1,0
14ecNUbMb4Y3bqGhuEZ1VUhVWwAU7i534P,8,0.03025545,0.03025545,4,4,684,522,162,85.5,21616.75,83.5,21616.75,2,0,1,0.0605109,0.007563863,5.99E-06,0.007563863,5.99E-06,121943575,17420510.71,1.02E+15,242518.5,51412909243,0.348555687,1412,6,0.004249292,2,1,1.333333333,0.222222222,1,0.25,0.5,0.75,0.25
14eibfpxktdpwNNoaiERLM658RYr7xYP8H,23,0.15279446,0.15279446,12,12,873,494,379,37.95652174,7870.302457,36.13043478,7906.982987,1.826086957,0.143667297,1,0.30558892,0.012732872,0.000126282,0.012732872,0.000126282,193806884,8809403.818,5.14E+14,132978.0833,56961170020,0.133469739,2244,18,0.00802139,2,1,1.277777778,0.200617284,1,0,0.909090909,0.916666667,0.083333333
14erw3jw25kwdRZxi7iWuV7yWP635Ggi1P,2,0.00034324,0.00034324,1,1,131,128,3,65.5,0.25,14,169,51.5,156.25,1,0.00068648,0.00034324,0,0.00034324,0,11063,11063,0,11063,0,0,1,1,1,2,2,2,0,2,0,0,1,0
14fBFWJgqeDsizZ5Nv3SovzgTcqajiZYCH,76,0.0044288,0.0044288,40,40,79348,59504,19844,1044.052632,1291563.602,150.4868421,43973.56562,893.5657895,1510807.535,1,0.0088576,0.00011072,2.96E-07,0.00011072,2.96E-07,55536483,740486.44,2.06E+12,307059.875,1.62E+11,0.170903545,643,62,0.096423017,5,1,1.225806452,0.561914672,1,0.388888889,0.583333333,0.55,0.45
14g7usui76DZAWEzFFBr6Ei9DunuLygkut,8,0.00400638,0.00400638,4,4,1145,1073,72,143.125,57538.85938,46.25,4434.9375,96.875,61502.60938,1,0.00801276,0.001001595,7.36E-08,0.001001595,7.36E-08,124992394,17856056.29,7.53E+14,98223.75,22578014575,0,1447,5,0.003455425,2,1,1.6,0.24,2,0,0.75,1,0
14hJjuPgg2zSeNiXJbrAZnZMsfZQssowGp,2,0.00287362,0.00287362,1,1,10,7,3,5,0,2,0,3,0,1,0.00574724,0.00287362,0,0.00287362,0,2337897,2337897,0,2337897,0,0,28,2,0.071428571,1,1,1,0,1,0,0,1,0
14iMhu4Tn8xNemBUrBJQwNg8H6Nooj6FZd,100,0.35072792,0.35072792,55,55,10666,10275,391,106.66,11076.0444,5.44,159.2264,101.22,10122.0516,1,0.70145584,0.006376871,5.12E-05,0.006376871,5.12E-05,7236227,73093.20202,25014790276,36362.14545,2678127844,0.495783045,84,39,0.464285714,8,1,2.564102564,3.168967784,2,0.155555556,0.822222222,0.690909091,0.309090909
14iUKU62Xgen6jmWQqcoZbVu7h9MGVV3R4,6,0.43463592,0.43463592,5,5,19,7,12,3.166666667,0.805555556,1.666666667,1.222222222,1.5,0.25,1,0.86927184,0.086927184,0.001874477,0.086927184,0.001874477,853689,170737.8,33045211938,164287.4,34925807997,0.499224577,10,3,0.3,3,1,2,0.666666667,2,0.5,0.25,1,0
14iZnu5sD2DLY7Es2e1YzeyyEipzEdULEm,4,3.35E-05,3.35E-05,2,2,3900,3747,153,975,1411010.5,59.5,9920.25,915.5,1499886.25,1,6.70E-05,1.68E-05,4.56E-11,1.68E-05,4.56E-11,1376965,458988.3333,2.92E+11,76892.5,544265570.3,0,16,3,0.1875,2,1,1.333333333,0.222222222,1,0,0.5,1,0
14kqyVRuQ1JfqcwewGeBSh3LQdRRpc4zPc,100,0.74357701,0.74764846,50,51,1166,927,239,11.66,464.9644,3.88,107.5456,7.78,291.1516,1.005475492,1.49122547,0.01487154,0.000179527,0.014659774,0.000178249,24443556,246904.6061,71421403212,160104.78,55113079545,1.191574531,283,77,0.272084806,5,1,1.298701299,0.469219093,1,0.274509804,0.705882353,0.734693878,0.265306122
14kynS61xu9Z8b7YY1VXvzBavbuS29u9NN,20,0.17449088,0.17449088,10,10,391,301,90,19.55,807.9475,18.15,811.5275,1.4,0.24,1,0.34898176,0.017449088,0.000876698,0.017449088,0.000876698,15309107,805742.4737,1.70E+12,358283,2.88E+11,0.051598808,178,16,0.08988764,2,1,1.25,0.1875,1,0.2,0.7,0.8,0.2
14mC7Nep4bRQLgKZoEC8WDjk4aHzfQ4Q6s,100,0.00424799,0.00430446,50,55,100352,58575,41777,1003.52,1182816.99,70.93,18679.7051,932.59,1290128.782,1.013293346,0.00855245,8.50E-05,8.74E-09,7.83E-05,8.39E-09,21593967,218120.8788,1.14E+11,206956.68,67281769900,0.618457963,250,72,0.288,3,1,1.388888889,0.37654321,1,0.32,0.66,0.66,0.34
14mbhNfQLSorDXC8diYi818Eomr4hpRg42,18,0.15235264,0.15235264,10,10,2166,1420,746,120.3333333,29794.55556,111.3888889,31137.23765,8.944444444,152.3858025,1,0.30470528,0.015235264,0.000869906,0.015235264,0.000869906,135639163,7978774.294,4.70E+14,925090.3,4.25E+11,0.514485333,1570,15,0.00955414,3,1,1.2,0.293333333,1,0.5,0.375,0.4,0.6
14mxgkMFJ4aVULKiBziFgFAHRnQam4DGMQ,3,0.00416303,0.00416303,2,2,207,136,71,69,8712,67.33333333,8800.222222,1.666666667,0.222222222,1,0.00832606,0.002081515,2.95E-06,0.002081515,2.95E-06,52677713,26338856.5,6.91E+14,26338856.5,6.91E+14,0,610,3,0.004918033,1,1,1,0,1,0.5,0,1,0
14pGPztxm3nYYAKM2i2CowaKcUJXqAzBHG,2,0.00166479,0.00166479,1,1,6,5,1,3,0,1,0,2,0,1,0.00332958,0.00166479,0,0.00166479,0,69797122,69797122,0,69797122,0,0,808,2,0.002475248,1,1,1,0,1,0,0,1,0
14pmc89C1ZKfmsrSiCY9ZsG3KGs7Wun7E3,10,0.01610145,0.01610145,5,5,762,521,241,76.2,8461.36,72.5,8769.25,3.7,46.01,1,0.0322029,0.00322029,8.56E-06,0.00322029,8.56E-06,134772003,14974667,1.43E+15,500383.6,1.97E+11,0.104843296,1560,8,0.005128205,2,1,1.25,0.1875,1,0.2,0.6,0.8,0.2
14sjt1JEFWkYeY3ge9D7qXZYbvwcJ4N3tY,2,1.00E-05,1.00E-05,1,1,3305,3169,136,1652.5,1818452.25,116.5,13340.25,1536,2143296,1,2.00E-05,1.00E-05,0,1.00E-05,0,53563,53563,0,53563,0,0,1,1,1,2,2,2,0,2,0,0,1,0
14utnJuWvcJoyhdX4S13PZ8vqX7xM4bECR,2,5.95490777,5.95490777,1,1,162,161,1,81,5929,1,0,80,5929,1,11.90981554,5.95490777,0,5.95490777,0,57789,57789,0,57789,0,0,1,2,2,1,1,1,0,1,0,0,1,0
14w2UBzZpDCShL3sYjzDP9gLTys1ED9ymZ,44,0.00410143,0.00407693,24,22,6668,4920,1748,151.5454545,22587.92975,59.72727273,16125.88017,91.81818182,16993.42149,0.994026474,0.00817836,0.000170893,3.48E-08,0.000185315,3.55E-08,225936096,5254327.814,1.27E+14,741528.8182,9.45E+11,0.04742643,2616,38,0.014525994,2,1,1.157894737,0.132963989,1,0.047619048,0.952380952,0.869565217,0.086956522
14wUSejqrjVdC8Kp5hGmXp6LBN3cSxBeuf,6,0.00010397,0.00010397,3,3,6517,6066,451,1086.166667,1222318.472,40.16666667,7360.805556,1046,1291349,1,0.00020794,3.47E-05,5.15E-11,3.47E-05,5.15E-11,19410826,3882165.2,3.17E+13,141648.3333,6053957188,0,225,5,0.022222222,2,1,1.2,0.16,1,0,0.666666667,1,0
14wvZxxAHBFy51bua7ysi8jvvCdeZWKR62,26,0.00062101,0.00062101,14,14,23265,18835,4430,894.8076923,1120186.771,110.6538462,33113.91864,784.1538462,1255680.746,1,0.00124202,4.44E-05,2.56E-09,4.44E-05,2.56E-09,32834878,1313395.12,2.57E+12,925830.7857,1.32E+12,0.13911722,381,22,0.057742782,3,1,1.181818182,0.239669421,1,0.333333333,0.583333333,0.571428571,0.428571429
14x19NodDGn9DP7JCwd3nBZ46mRujWMJmd,100,1.37526306,1.37526306,50,50,1942,1803,139,19.42,1048.7236,1.98,20.4396,17.44,996.0664,1,2.75052612,0.027505261,0.001998068,0.027505261,0.001998068,58240021,588283.0404,1.13E+13,115823.08,9921019041,2.157931048,675,75,0.111111111,4,1,1.333333333,0.408888889,1,0.34,0.64,0.66,0.34
14xGktVgDJaDrSSJnF15d2kwXpwyeG3J2D,100,0.14041032,0.14041032,50,50,859,724,135,8.59,152.3619,1.61,1.6179,6.98,150.2996,1,0.28082064,0.002808206,1.20E-05,0.002808206,1.20E-05,38841429,392337.6667,4.21E+11,191069.94,47802400594,0.334316487,450,85,0.188888889,3,1,1.176470588,0.168858131,1,0.22,0.76,0.78,0.22
14xWeCZZVYtRPjNrU7WFXER3h8TuSnfCqu,32,0.54426105,0.54426105,16,16,1279,840,439,39.96875,5958.405273,28.875,5124.734375,11.09375,1224.897461,1,1.0885221,0.034016316,0.00159139,0.034016316,0.00159139,161528498,5210596.71,1.22E+14,279857.5625,90965578448,0.475135449,1870,21,0.011229947,4,1,1.523809524,0.630385488,1,0.1875,0.75,0.8125,0.1875
14xayexVEgu2dmRitxtMixvzehWgsvnbcg,2,0.03794,0.03794,1,1,10,8,2,5,4,3,4,2,0,1,0.07588,0.03794,0,0.03794,0,94213,94213,0,94213,0,0,2,2,1,1,1,1,0,1,0,0,1,0
14xw4HMtV5P8Gi9Uaf4sJ6tKjmteP3BtGd,3,1.46811804,1.46811804,2,2,30,26,4,10,34.66666667,7.666666667,36.22222222,2.333333333,0.222222222,1,2.93623608,0.73405902,0.000504047,0.73405902,0.000504047,1255637,627818.5,3.04E+11,627818.5,3.04E+11,0,15,3,0.2,1,1,1,0,1,0.5,0,1,0
14yNzP8WEJXzVoYHFKiJAoybHHN83YzmgS,20,0.00022697,0.00022697,10,10,22089,18738,3351,1104.45,1265828.748,140.95,35184.7475,963.5,1492653.35,1,0.00045394,2.27E-05,2.14E-10,2.27E-05,2.14E-10,35555748,1871355.158,4.98E+12,710498.5,5.37E+11,0.15,412,17,0.041262136,2,1,1.176470588,0.14532872,1,0.2,0.7,0.8,0.2
14ztjoqGZPBdc9kRe97NhMB2ukFMRd8ePD,100,0.0057677,0.00745267,80,105,4287,2912,1375,42.87,7713.6331,23.11,6849.2779,19.76,221.0624,1.292138981,0.01322037,7.21E-05,6.76E-11,7.10E-05,6.53E-11,847348,8559.070707,315101287.9,44653.28571,399106029.7,0.062524994,10,11,1.1,25,1,9.090909091,53.90082645,7,0.45,0.5,0.1375,0.8625
152367oCD44LHag4idHRjetdsT17yvMQaE,100,0.04217644,0.04320279,52,53,1735,1471,264,17.35,1046.7675,8.84,289.5344,8.51,285.0099,1.024334676,0.08537923,0.000811085,6.29E-08,0.000815147,6.26E-08,7827288,79063.51515,5700445179,36413.84615,1813053370,0.100228843,91,59,0.648351648,7,1,1.694915254,0.889974145,2,0.125,0.854166667,0.788461538,0.211538462
152UHqTKU3u4zwoe6Cu3jEW8tfTKXMDT94,100,2.63789548,2.65526443,51,52,3198,1753,1445,31.98,3434.3196,21.77,3412.4171,10.21,262.9859,1.006584397,5.29315991,0.051723441,0.003781928,0.051062778,0.003731459,133898437,1352509.465,1.89E+13,156371.098,50538813394,3.19133524,1550,75,0.048387097,4,1,1.333333333,0.355555556,1,0.183673469,0.795918367,0.764705882,0.235294118
153YSBdtbedrwcpRkCprt4ZPJoKvqyfcvq,2,1.84203072,1.84203072,1,1,286,285,1,143,19600,1.5,0.25,141.5,19460.25,1,3.68406144,1.84203072,0,1.84203072,0,152829,152829,0,152829,0,0,2,2,1,1,1,1,0,1,0,0,1,0
154Keu9CWDmjvz6fHMXxEwU1yX3EcrYPGr,5,0.03831116,0.03831116,3,3,72,43,29,14.4,137.84,11.4,154.64,3,4,1,0.07662232,0.012770387,1.13E-05,0.012770387,1.13E-05,214253,53563.25,2309327379,93185.33333,402005.5556,0.451180303,3,3,1,2,1,1.666666667,0.222222222,2,0.5,0,0.333333333,0.666666667
154Z4DSwsnMUKEQtnBbbyvmarJqZTwRjjV,2,0.00040487,0.00040487,1,1,35,34,1,17.5,210.25,1.5,0.25,16,225,1,0.00080974,0.00040487,0,0.00040487,0,277066,277066,0,277066,0,0,4,2,0.5,1,1,1,0,1,0,0,1,0
1554jYEuJC35v9LtsRfKcwdW9u5GSDP8ry,100,0.26657634,0.26657634,50,50,78575,14597,63978,785.75,633488.7475,1.83,5.3411,783.92,634643.9536,1,0.53315268,0.005331527,9.96E-07,0.005331527,9.96E-07,37667527,380480.0707,1.87E+11,157848.46,89869723828,0.00985257,436,84,0.19266055,2,1,1.19047619,0.154195011,1,0.04,0.94,0.96,0.04
155Uie8C2DTTc6Nk7QdRQVP125szoMPtRt,8,0.00620409,0.00620409,4,4,140,133,7,17.5,437,1.625,0.234375,15.875,455.109375,1,0.01240818,0.001551023,6.24E-07,0.001551023,6.24E-07,6989340,998477.1429,1.65E+12,420290.5,62823872176,0,81,8,0.098765432,1,1,1,0,1,0,0.75,1,0
156L7CG5iyBbxgLSrFDu7J6omsYp8XnHku,2,12.11334943,12.11334943,1,1,19,18,1,9.5,6.25,1,0,8.5,6.25,1,24.22669886,12.11334943,0,12.11334943,0,1418,1418,0,1418,0,0,1,1,1,2,2,2,0,2,0,0,1,0
156mMay7UBsGCkFCS2DtBTzTdnPUjhacZx,8,0.0036,0.0036,4,4,132,120,12,16.5,324.75,5.875,70.359375,10.625,230.734375,1,0.0072,0.0009,9.00E-08,0.0009,9.00E-08,878032,125433.1429,26672593960,35275,1919684161,0.125,11,5,0.454545455,3,1,1.6,0.64,1,0.25,0.5,0.75,0.25
1579i9E8AoRWYkUb8oPkzTUYQp2nW8C8Qn,6,0.04186166,0.04186166,3,3,82,53,29,13.66666667,205.2222222,11.66666667,205.2222222,2,0,1,0.08372332,0.013953887,4.75E-05,0.013953887,4.75E-05,349769,69953.8,10370323522,111516.3333,13234507015,0.147569925,5,3,0.6,3,1,2,0.666666667,2,0.333333333,0.333333333,0.666666667,0.333333333